annotation_id,image_id,category_id,bbox_x,bbox_y,bbox_w,bbox_h,score
1,1,1899,158,250,202,126,0.8197572685423351
2,1,16550,558,71,399,404,0.8054293337322417
3,1,27925,600,673,255,480,0.501629284449986
4,1,24849,172,740,180,293,0.33626877126239596
5,10,21770,643,290,188,181,0.9633252734229678
6,10,16547,102,807,240,237,0.8849309171949113
7,10,1899,643,844,188,189,0.8620882034301758
8,10,29450,103,234,409,222,0.6713021936870757
9,100,1899,135,245,191,161,0.8992519265129453
10,100,16547,586,131,232,225,0.8869090534391857
11,100,33008,517,791,386,210,0.875074409303211
12,100,18109,44,746,310,298,0.7613501094636462
13,1003,34596,38,160,445,414,0.8932494549524216
14,1003,27732,122,765,317,277,0.8909306072053454
15,1003,3482,607,790,276,211,0.8073460488092331
16,1003,16231,648,184,192,180,0.8006198633284796
17,1004,27732,565,261,301,266,0.8831138837905157
18,1004,34596,507,657,461,439,0.8801195167359851
19,1004,16231,141,892,197,193,0.8766539323897589
20,1004,3482,121,306,273,200,0.8400707017807733
21,1005,27732,86,725,321,283,0.8659161272503081
22,1005,3482,579,758,276,211,0.8198622294834682
23,1005,16231,619,178,187,183,0.7682132153283981
24,1005,34596,24,125,436,424,0.7107077326093401
25,1006,25366,45,176,443,426,0.8632315340496245
26,1006,20237,617,195,226,218,0.8495350111098516
27,1006,3482,601,845,279,187,0.7461518900735037
28,1006,25468,49,857,375,221,0.7447691758473713
29,1007,20237,589,191,221,213,0.8814666384742373
30,1007,25366,31,154,432,422,0.8772348222278413
31,1007,25468,11,812,386,221,0.7893359093439011
32,1007,3482,574,810,281,193,0.7702577681768508
33,1009,16261,546,188,239,228,0.8239545140947614
34,1009,3482,574,810,281,193,0.7918345360528855
35,1009,25468,11,812,385,221,0.790690921601795
36,1009,22346,78,198,201,195,0.7218117373330252
37,1010,16261,575,194,243,233,0.7884481975010463
38,1010,22346,94,206,206,197,0.7462318738301594
39,1010,3482,601,845,279,188,0.7427675951094854
40,1010,25468,50,857,374,221,0.7297141211373465
41,1012,1899,142,241,198,128,0.8519919713338215
42,1012,16547,611,158,231,225,0.8458512737637474
43,1012,24849,139,702,183,297,0.5618643193017868
44,1012,27925,570,631,259,484,0.529113837650844
45,1013,27925,143,145,262,454,0.8556444304330008
46,1013,1899,629,894,211,132,0.8393892220088414
47,1013,16547,104,865,240,238,0.6920534656161353
48,1013,24849,637,273,181,278,0.5835887931642078
49,1014,16547,640,164,237,225,0.9059479123070127
50,1014,1899,158,251,202,125,0.8286356925964355
51,1014,27925,600,675,255,478,0.5269483157566616
52,1014,24849,172,741,180,292,0.3237504618508475
53,1015,35205,661,175,222,403,0.9385236104329426
54,1015,20876,116,767,331,231,0.9244625908987862
55,1015,3482,649,749,212,269,0.8189406849089123
56,1015,30307,69,124,395,405,0.7910143761407761
57,1016,35205,97,672,235,408,0.9294387840089343
58,1016,20876,543,294,330,233,0.91664263180324
59,1016,3482,140,292,213,255,0.8093089716775076
60,1016,30307,537,721,406,413,0.6267806461879185
61,1018,27732,560,256,302,266,0.9020285379318963
62,1018,3482,120,307,274,199,0.8324398880913144
63,1018,30307,438,741,476,308,0.7546177364531017
64,1018,29666,87,862,230,228,0.7351222492399669
65,1019,27732,128,773,316,277,0.9121708642868768
66,1019,29666,668,181,226,213,0.8254975931985037
67,1019,3482,607,791,276,209,0.8057220776875813
68,1019,30307,95,213,460,295,0.750059343519665
69,102,16547,614,136,238,228,0.9263963926406134
70,102,1899,151,255,196,161,0.9070445810045514
71,102,33008,547,835,378,201,0.8592805975959414
72,102,18109,79,792,307,288,0.8291773001352946
73,1020,27732,92,732,321,280,0.8852738425845191
74,1020,3482,580,758,275,210,0.8170066561017717
75,1020,29666,638,176,222,214,0.8073387827192033
76,1020,30307,77,192,450,294,0.7283977099827358
77,1022,33207,583,810,214,204,0.9587102844601585
78,1022,1899,148,241,181,179,0.8672190280187697
79,1022,16550,626,25,278,465,0.8636078380403064
80,1022,29450,37,801,418,225,0.7605067321232387
81,1023,33207,611,845,210,198,0.9512576602754138
82,1023,1899,167,248,183,180,0.831054165249779
83,1023,29450,73,844,414,217,0.8213539918263753
84,1023,16550,655,27,292,485,0.8175719919658843
85,1025,20876,543,293,330,233,0.9147286982763381
86,1025,28762,643,862,221,212,0.8502755278632754
87,1025,3482,141,291,213,255,0.7890625794728596
88,1025,16261,109,836,248,241,0.7843365555717832
89,1026,20876,116,768,330,231,0.9280538558959961
90,1026,28762,135,205,211,202,0.8514098326365153
91,1026,3482,649,751,212,268,0.8252950509389241
92,1026,16261,630,191,243,233,0.7313494455246699
93,1027,13899,189,285,198,234,0.9036504654657272
94,1027,3350,353,883,190,192,0.6620204448699951
95,1027,16231,601,263,186,186,0.31932103350048974
96,1028,13899,554,707,204,248,0.9159577460516066
97,1028,3350,391,156,185,190,0.8508438155764625
98,1028,16231,135,780,191,188,0.4469306554113116
99,1029,13899,594,797,199,242,0.939601773307437
100,1029,3350,434,215,186,184,0.8503901958465576
101,1029,16231,179,865,188,192,0.07058542966842651
102,1030,27732,87,726,321,282,0.8714154220762707
103,1030,35205,568,121,253,376,0.8366632461547852
104,1030,3482,580,758,275,210,0.8180186294374011
105,1030,34596,48,142,442,414,0.6755330449058896
106,1034,3482,151,218,246,221,0.8551259835561116
107,1034,36636,95,907,273,165,0.7687806515466599
108,1034,28762,650,882,222,215,0.5985091981433687
109,1034,19860,638,278,219,169,0.5738778341384161
110,1039,28762,127,214,211,202,0.8961032118116106
111,1039,16261,575,194,242,233,0.7845023132505871
112,1039,3482,600,845,280,188,0.7449811413174583
113,1039,25468,49,857,375,221,0.7347268149966285
114,104,21324,616,760,175,231,0.947070178531465
115,104,3350,325,203,181,188,0.8373094172704787
116,104,18356,106,611,250,368,0.7789810498555501
117,1041,3482,124,271,272,189,0.8407358328501383
118,1041,16261,165,833,250,242,0.8071918714614141
119,1041,25468,571,230,377,219,0.6988009952363513
120,1041,28762,652,852,222,214,0.6211319991520473
121,1043,35205,512,608,245,413,0.8846370379130045
122,1043,3350,313,168,183,188,0.8719950062888009
123,1043,18356,50,627,268,351,0.7940626712072463
124,1044,3350,355,227,183,183,0.8936977954137892
125,1044,35205,552,703,239,408,0.8914615426744733
126,1044,18356,93,723,266,350,0.7398179599217006
127,1045,20876,41,755,328,252,0.9360784576052711
128,1045,3482,623,719,210,271,0.833326918738229
129,1045,29666,594,178,220,215,0.8079586142585391
130,1045,28762,134,213,207,200,0.7465078149523053
131,1046,20876,74,798,326,241,0.9166133403778076
132,1046,3482,649,751,212,269,0.8244706903185163
133,1046,29666,623,183,224,216,0.7724478698912121
134,1046,28762,151,221,212,204,0.7069685913267589
135,1047,20876,590,258,325,242,0.9342471758524576
136,1047,3482,141,290,213,256,0.7961836882999965
137,1047,29666,133,862,230,226,0.7951277778262184
138,1047,28762,627,844,220,213,0.6688115142640613
139,1050,2482,651,81,199,484,0.8201432795751662
140,1050,5093,137,847,278,274,0.8049584570385161
141,1050,22361,608,779,253,406,0.8029047648111979
142,1050,22626,89,177,338,466,0.7892609777904692
143,1051,5093,549,190,272,269,0.8213002908797491
144,1051,2482,88,676,233,482,0.8164132776714507
145,1051,23222,484,659,387,467,0.8092962560199556
146,1051,4377,137,107,214,440,0.7536528224036807
147,1053,23222,74,79,380,462,0.9595305579049246
148,1053,2482,619,50,217,482,0.8400154113769531
149,1053,5093,104,798,277,277,0.7531366461799258
150,1053,4377,589,699,218,454,0.6696097056070963
151,1055,31884,57,32,420,484,0.9059761251722063
152,1055,27732,81,732,328,271,0.8816909790039062
153,1055,29666,647,185,221,213,0.8301649207160586
154,1055,3482,571,767,277,205,0.8136693636576334
155,1056,27732,116,772,324,268,0.900317146664574
156,1056,31884,71,53,439,487,0.8982636815025693
157,1056,3482,598,799,279,205,0.7936631497882661
158,1056,29666,677,188,227,215,0.7933788072495234
159,1057,12777,78,79,335,496,0.9488340786525181
160,1057,2482,610,66,242,471,0.8648175852639334
161,1057,4377,640,705,223,452,0.8040985606965564
162,1057,25437,110,828,255,255,0.7976143133072626
163,1058,12777,83,105,330,506,0.95577149164109
164,1058,2482,600,103,249,457,0.840795153663272
165,1058,25437,112,842,258,265,0.7940780548822312
166,1058,4377,654,708,218,467,0.708997022537958
167,1060,25437,555,205,247,251,0.8443459442683628
168,1060,13394,112,48,241,484,0.7515202249799455
169,1060,22626,528,644,356,470,0.73209734190078
170,1060,2482,113,679,216,491,0.7231052716573079
171,1064,34596,59,131,451,416,0.9006828353518531
172,1064,20237,617,194,226,219,0.8037873676845005
173,1064,3482,601,845,279,187,0.7544152509598505
174,1064,25468,50,856,375,221,0.7421838101886568
175,1065,34596,480,686,466,434,0.8866804554348899
176,1065,20237,139,849,231,225,0.8630720774332682
177,1065,3482,124,271,272,189,0.8413006010509673
178,1065,25468,571,231,377,218,0.6974931557973225
179,1065,31884,482,686,461,436,0.08394908195450193
180,1067,31884,555,673,404,527,0.9308415367489768
181,1067,3482,131,287,278,174,0.8077216716039748
182,1067,16261,117,845,249,242,0.8023991471245175
183,1067,27652,670,254,222,200,0.7627221516200474
184,1069,21770,116,204,190,185,0.9420220624832879
185,1069,16547,643,166,236,224,0.8848914645967029
186,1069,1899,622,889,207,139,0.8623858860560826
187,1069,21025,137,868,180,177,0.7728876386369977
188,1070,21770,686,882,198,193,0.9609768504188174
189,1070,21025,672,272,178,173,0.8740011283329555
190,1070,1899,174,280,204,139,0.8244233472006661
191,1070,16547,102,864,239,238,0.7066239629473005
192,1073,27776,144,774,179,206,0.9049717017582485
193,1073,36636,636,177,181,243,0.8278306892939976
194,1073,3482,536,778,267,226,0.7812352975209553
195,1073,22346,115,199,202,195,0.7748347804659889
196,1075,16550,93,594,338,461,0.887397357395717
197,1075,29870,602,772,207,222,0.8499003024328322
198,1075,3543,102,160,203,199,0.545628411429269
199,1075,4542,611,142,202,199,0.5369655858902704
200,1076,16550,534,192,329,437,0.8996830667768205
201,1076,3543,669,899,214,213,0.8602991558256603
202,1076,29870,166,278,206,212,0.7634962740398589
203,1076,4542,132,916,213,213,0.5912516230628604
204,1077,16550,126,643,333,457,0.9037749540238152
205,1077,29870,629,807,206,217,0.6748076279958088
206,1077,3543,117,166,208,202,0.6611368769691104
207,1077,4542,640,143,208,201,0.6437753495715913
208,1079,20876,71,798,325,242,0.922989561444237
209,1079,3482,646,754,212,268,0.8198227201189313
210,1079,22346,119,218,206,198,0.8044211637406122
211,1079,29666,625,186,224,216,0.7831557024092901
212,108,12777,104,49,294,521,0.9287352221352713
213,108,22361,586,743,254,408,0.8486074493044898
214,108,2482,602,84,246,472,0.8148312568664551
215,108,25437,144,844,254,253,0.8002988497416178
216,1080,20876,39,754,326,253,0.9340093249366397
217,1080,3482,620,722,211,271,0.8236663114456902
218,1080,29666,595,181,220,215,0.8158734298887707
219,1080,22346,102,210,202,195,0.8088076114654541
220,1081,44198,92,184,257,229,0.9618151755560012
221,1081,1899,609,899,206,137,0.8542795408339727
222,1081,16550,482,203,463,323,0.8262140410287039
223,1081,21025,125,865,179,177,0.7063013031369163
224,1085,20876,84,724,333,243,0.912911437806629
225,1085,25366,33,129,440,414,0.8343384947095598
226,1085,3482,624,719,209,270,0.8298439638955252
227,1085,16231,627,221,187,183,0.7892909504118419
228,1087,16550,86,590,293,482,0.8384398619333903
229,1087,10220,622,204,219,214,0.7819352263496036
230,1087,31704,570,678,255,449,0.7807177589053199
231,1087,3543,133,176,203,199,0.7529728753226144
232,1089,31704,149,150,256,418,0.8530858017149425
233,1089,3543,634,885,215,214,0.8382359572819301
234,1089,16550,582,181,292,458,0.8379400344122023
235,1089,10220,104,834,231,225,0.7570852552141462
236,109,35205,109,776,302,387,0.9348081974756149
237,109,25366,579,719,388,497,0.8910646892729259
238,109,3482,151,219,246,221,0.8515064489273797
239,109,19860,638,278,219,169,0.5817663101922897
240,1092,44198,134,242,244,232,0.9540858722868419
241,1092,33008,565,212,323,289,0.836184819539388
242,1092,1899,652,850,210,158,0.8345975194658551
243,1092,16547,83,913,243,239,0.6079827603839693
244,1093,34596,498,692,463,438,0.8901151021321614
245,1093,3482,151,218,246,222,0.8519170397803897
246,1093,16261,100,850,249,242,0.7166319234030587
247,1093,19860,638,278,219,169,0.5819669223967052
248,1095,34596,47,121,445,418,0.8778423922402517
249,1095,16261,638,176,244,231,0.7848249162946428
250,1095,3482,600,867,260,230,0.7499129999251593
251,1095,19860,126,865,220,168,0.7359325885772705
252,1096,27992,547,778,312,240,0.9835690543765113
253,1096,6562,166,672,218,364,0.8556985855102539
254,1096,16550,479,113,451,322,0.8499793779282342
255,1096,3543,91,197,203,199,0.6237353597368512
256,1097,27992,576,816,305,229,0.9902118501209077
257,1097,16550,508,127,456,324,0.8375169549669538
258,1097,6562,198,714,217,358,0.8015130815051851
259,1097,3543,108,205,207,201,0.6552082584017799
260,1098,27992,125,255,295,231,0.9853923888433547
261,1098,16550,20,787,470,340,0.8733937853858584
262,1098,6562,580,230,215,339,0.838790734608968
263,1098,3543,677,861,215,212,0.6298972879137311
264,110,25366,41,50,384,479,0.881740479242234
265,110,35205,583,99,287,374,0.8647027469816662
266,110,3482,600,867,260,231,0.7475301197596959
267,110,19860,126,865,220,168,0.7345443680172874
268,1100,31884,54,96,418,492,0.9171681744711739
269,1100,27776,144,774,179,206,0.8991087618328276
270,1100,36636,636,177,181,244,0.8560630821046374
271,1100,3482,536,778,267,227,0.7789494877769834
272,1101,31884,70,123,432,493,0.8849158173515683
273,1101,36636,665,179,186,250,0.858907869883946
274,1101,27776,177,809,175,200,0.8503909338088262
275,1101,3482,564,813,264,220,0.7292878060113815
276,1105,27732,122,766,318,276,0.9015191736675444
277,1105,35205,602,128,255,388,0.8666927473885672
278,1105,3482,608,790,275,211,0.8153361365908668
279,1105,22346,111,212,207,196,0.8002512795584542
280,1109,28762,140,225,212,202,0.9318843909672329
281,1109,16261,623,182,241,231,0.7671266510373069
282,1109,3482,585,845,287,166,0.7223067397163028
283,1109,27652,96,852,222,207,0.7080426102592832
284,1111,28762,115,188,208,198,0.9457181748889741
285,1111,29666,603,176,219,213,0.8089747883024669
286,1111,3482,557,811,288,174,0.7653228441874186
287,1111,27652,61,810,224,210,0.7341726053328741
288,1114,35205,103,686,206,418,0.8773703802199591
289,1114,3482,131,288,277,173,0.8150678589230491
290,1114,27652,670,254,221,200,0.7639459768931071
291,1114,30307,558,696,397,423,0.619091306413923
292,1115,35205,650,142,200,400,0.9516375973111106
293,1115,3482,558,811,288,174,0.7655135790506998
294,1115,30307,41,124,377,404,0.7579201743716285
295,1115,27652,61,810,226,211,0.7362058049156552
296,1116,35205,680,153,201,406,0.9559939021155948
297,1116,30307,55,143,387,413,0.7843018713451567
298,1116,3482,585,845,286,166,0.7300094763437907
299,1116,27652,95,852,222,207,0.7081653958275205
300,1118,29870,198,241,170,233,0.8765726430075509
301,1118,6562,585,237,215,338,0.8628405843462262
302,1118,3543,677,858,214,213,0.8376241297948928
303,1118,16547,100,880,242,240,0.7620798973810105
304,1119,16547,644,145,236,228,0.9229731559753418
305,1119,6562,193,707,216,358,0.7964122295379639
306,1119,3543,108,207,208,201,0.7679499330974761
307,1119,29870,633,825,171,241,0.6816718124207995
308,112,16550,156,587,304,469,0.8931777023133777
309,112,10220,633,200,222,215,0.8091039316994802
310,112,3543,127,235,207,200,0.7718675477164132
311,112,33008,560,809,374,209,0.7533726805732364
312,1121,3482,125,270,272,189,0.8426177501678467
313,1121,29666,137,872,230,226,0.806328569139753
314,1121,28762,619,859,221,215,0.7731995128449939
315,1121,25468,573,187,330,285,0.702715033576602
316,1123,27732,564,261,302,266,0.880978504816691
317,1123,25366,494,667,448,439,0.8738889580681211
318,1123,3482,121,306,273,200,0.8404815196990967
319,1123,16261,151,803,250,241,0.7999999750228155
320,1125,27732,122,765,318,277,0.8937224320002964
321,1125,25366,64,160,445,424,0.8627507800147647
322,1125,3482,607,790,276,211,0.8080286071414039
323,1125,16261,589,226,243,232,0.8027168114980061
324,1126,31884,512,731,462,474,0.9342676684969947
325,1126,20876,544,294,330,233,0.9187945865449451
326,1126,3482,142,290,213,255,0.806965430577596
327,1126,16261,109,835,249,241,0.7693041506267729
328,1129,27732,564,261,302,265,0.8856196062905447
329,1129,20237,113,854,231,227,0.8681737241290864
330,1129,3482,121,305,273,201,0.8378079959324428
331,1129,22346,681,825,214,208,0.8363024961380731
332,113,33008,75,268,363,222,0.8817070438748313
333,113,10220,125,845,230,226,0.8544715813228062
334,113,16550,532,228,304,457,0.8368592035202752
335,113,3543,659,832,213,212,0.8288599195934477
336,1135,1899,152,255,195,160,0.9010572092873709
337,1135,33008,547,835,376,200,0.8661820207323346
338,1135,18109,79,792,306,288,0.8202454021998814
339,1135,16550,606,54,283,483,0.7812724794660295
340,1136,33008,84,256,367,211,0.8942000638870965
341,1136,16550,89,703,295,494,0.8644350937434605
342,1136,1899,643,855,204,171,0.8471114294869558
343,1136,18109,609,221,303,285,0.694953203201294
344,1138,20237,595,174,218,213,0.8895177500588552
345,1138,34596,32,85,369,478,0.8505536261058989
346,1138,3482,559,811,289,174,0.7760948226565406
347,1138,27652,63,810,226,211,0.7421399865831647
348,1138,31884,35,86,366,480,0.33139359951019287
349,114,16550,125,536,310,475,0.906703131539481
350,114,10220,604,192,218,214,0.8346562726157052
351,114,33008,530,764,381,225,0.7921489647456578
352,114,3543,109,224,203,199,0.6943156038011823
353,1140,34596,44,115,380,476,0.8865744726998465
354,1140,20237,622,176,225,216,0.8355906463804699
355,1140,3482,587,845,285,166,0.7312510127112979
356,1140,27652,97,852,222,208,0.7026708126068115
357,1140,31884,46,115,383,478,0.29046305020650226
358,1141,23222,571,569,299,505,0.9171630087352934
359,1141,25437,555,194,248,253,0.8581729729970295
360,1141,12080,67,120,226,424,0.8456129119509742
361,1141,2482,67,652,298,448,0.7427937076205299
362,1142,23222,67,134,297,496,0.9238279433477492
363,1142,12080,646,702,241,448,0.8323817026047479
364,1142,25437,121,820,255,255,0.8236992359161377
365,1142,2482,577,117,294,449,0.8018859227498372
366,1143,23222,68,168,298,496,0.930405230749221
367,1143,12080,654,708,253,464,0.8678928443363735
368,1143,2482,568,151,299,436,0.7769362699417841
369,1143,25437,122,833,261,266,0.7715498833429245
370,1144,31884,55,173,436,484,0.9293913273584274
371,1144,16261,575,194,242,233,0.8051040626707531
372,1144,25468,49,856,376,221,0.7433244727906726
373,1144,3482,601,844,279,187,0.7410867441268194
374,1148,3350,383,159,185,190,0.8856794380006335
375,1148,16231,146,731,195,194,0.7510521866026378
376,1148,41767,552,630,271,307,0.4566076823643275
377,1149,3350,427,220,184,183,0.8779426983424595
378,1149,16231,188,820,192,190,0.6532420430864606
379,1149,41767,593,720,264,309,0.597750913529169
380,115,27732,560,256,301,266,0.8959255899701799
381,115,25366,496,646,420,463,0.8842941692897252
382,115,36636,100,881,268,178,0.8628172533852713
383,115,3482,120,307,274,198,0.8352443150111607
384,1150,34596,83,54,402,463,0.8888059003012521
385,1150,27776,176,809,175,200,0.8542635894957042
386,1150,29666,630,164,223,214,0.7879229386647542
387,1150,3482,563,814,264,220,0.7320975689660935
388,1150,31884,82,55,405,462,0.05464884248517809
389,1153,16231,646,175,191,186,0.8361482052575974
390,1153,22346,144,209,207,198,0.769618238721575
391,1153,3482,600,867,260,231,0.7524679388318742
392,1153,19860,126,865,220,168,0.7416293166932605
393,1154,16231,618,172,185,181,0.8433555989038376
394,1154,3482,573,836,262,231,0.7850845654805501
395,1154,22346,127,201,202,195,0.7692986442929222
396,1154,19860,90,828,226,177,0.7688904943920317
397,1155,3482,151,219,246,220,0.8514694372812907
398,1155,22346,642,859,213,209,0.8264399142492385
399,1155,16231,145,899,194,192,0.8024673802512032
400,1155,19860,638,278,219,168,0.5839849653698149
401,1156,13899,182,284,205,229,0.8846913632892427
402,1156,16261,572,308,242,236,0.8367083753858293
403,1156,3350,392,858,190,191,0.7332816578093029
404,1157,13899,554,715,211,242,0.8998973596663702
405,1157,16261,109,674,249,248,0.8372765495663597
406,1157,3350,354,181,185,190,0.8097785995120094
407,1158,13899,594,805,206,236,0.9374947207314627
408,1158,16261,152,766,245,240,0.8951741740817115
409,1158,3350,397,242,183,182,0.8747922806512741
410,1159,3350,403,808,187,190,0.8347657748631069
411,1159,18356,150,301,243,352,0.8128274622417632
412,1159,16231,646,294,189,194,0.555703356152489
413,1161,3350,388,280,183,182,0.8748944032759893
414,1161,18356,583,617,241,369,0.8214298884073893
415,1161,16231,131,816,190,189,0.4870443883396331
416,1163,16550,41,603,305,471,0.8843081905728294
417,1163,29450,494,805,408,238,0.759218760899135
418,1163,3543,118,184,207,202,0.6482417810530889
419,1163,10220,657,198,224,215,0.5486597333635602
420,1164,16550,11,555,302,481,0.8687467802138555
421,1164,29450,463,766,415,247,0.8138129257020495
422,1164,10220,627,192,219,215,0.686241728918893
423,1164,3543,103,179,202,200,0.6277116707393101
424,1166,25366,566,682,397,492,0.8805303346543084
425,1166,36636,132,829,180,261,0.8414787905556814
426,1166,3482,125,271,271,188,0.8409814607529412
427,1166,25468,573,186,329,288,0.6964344637734549
428,1167,25366,46,90,391,475,0.8812236218225388
429,1167,36636,675,172,174,255,0.7901390961238316
430,1167,3482,601,846,278,186,0.7564525377182734
431,1167,25468,88,828,343,303,0.7341292358580089
432,1168,29666,591,169,218,215,0.8382938589368547
433,1168,3482,574,811,280,192,0.7860113325573149
434,1168,30307,43,15,346,425,0.7806185881296793
435,1168,25468,47,788,355,300,0.7215133735111782
436,1170,30307,53,24,362,439,0.8034337702251616
437,1170,29666,619,172,224,217,0.7958303746722993
438,1170,3482,600,846,279,186,0.7514859381176177
439,1170,25468,86,829,345,302,0.7233759335109166
440,1171,16547,579,746,241,233,0.9394221078781854
441,1171,4542,639,151,202,198,0.8665710403805686
442,1171,10220,92,789,225,220,0.8116903191521054
443,1171,3543,121,181,203,199,0.624552397500901
444,1173,10220,643,262,219,211,0.9026110739935012
445,1173,3543,646,877,215,211,0.8679079441797165
446,1173,16547,160,285,231,226,0.6886559440976097
447,1173,4542,103,907,214,209,0.6733964738391695
448,1174,3482,132,287,278,174,0.8095909300304595
449,1174,27652,671,254,221,200,0.7591871988205683
450,1174,29666,125,864,229,228,0.7366971174875895
451,1174,30307,575,758,394,426,0.5871306146894182
452,1176,30307,42,74,385,419,0.8208185150509788
453,1176,29666,632,180,224,214,0.7891743523733956
454,1176,3482,585,845,284,166,0.7242206164768764
455,1176,27652,94,852,222,206,0.7084391798291887
456,1178,31884,103,46,404,501,0.917833475839524
457,1178,27776,145,775,178,207,0.9105432033538818
458,1178,20237,577,191,220,213,0.8527080217997233
459,1178,3482,538,779,267,227,0.774701095762707
460,118,16687,421,81,439,520,0.8248354139782134
461,118,3350,457,846,189,191,0.7950015862782795
462,118,13899,61,311,231,213,0.5980693158649263
463,1180,19231,494,231,330,258,0.8937019961220877
464,1180,21324,187,306,167,226,0.7589244842529297
465,1180,3350,394,916,191,192,0.7160607406071254
466,1184,21025,685,275,178,172,0.9008804389408657
467,1184,1899,187,273,203,136,0.8314846810840425
468,1184,24849,674,826,188,302,0.5739626430329822
469,1184,16547,142,877,244,239,0.5176767848786853
470,1185,16547,601,149,238,227,0.9461505072457449
471,1185,1899,609,899,206,137,0.857658442996797
472,1185,21025,125,865,179,177,0.6980609326135544
473,1185,24849,138,142,182,294,0.3647956394013904
474,1186,19551,512,560,319,486,0.8301565760657901
475,1186,2482,86,677,236,480,0.8164824758257184
476,1186,5093,549,190,271,268,0.8027496792021251
477,1186,4377,137,108,214,439,0.7473296778542654
478,1187,2482,616,49,223,483,0.8487526008061
479,1187,5093,104,798,278,277,0.755418822878883
480,1187,19551,110,157,319,486,0.7053564843677339
481,1187,4377,590,700,218,453,0.6742714700244722
482,1189,2482,593,70,242,476,0.8333617732638404
483,1189,22626,99,138,311,479,0.8017011483510335
484,1189,12080,600,709,235,449,0.7360712119511196
485,1189,3742,119,785,323,320,0.6749448889777774
486,119,13899,650,705,228,224,0.9530614671253023
487,119,3350,293,192,185,189,0.8577170826139904
488,119,16687,72,580,455,576,0.45102522486732116
489,1190,2482,587,100,233,472,0.8336860225314185
490,1190,22626,102,167,308,482,0.7830455757322765
491,1190,12080,610,716,243,466,0.7490896043323335
492,1190,3742,121,795,329,329,0.6910815693083263
493,1191,2482,89,669,259,469,0.8093413284846714
494,1191,22626,530,589,308,484,0.7495168277195522
495,1191,12080,108,114,227,425,0.7491536367507208
496,1191,3742,493,165,314,300,0.5746556463695708
497,1192,33008,84,255,367,212,0.8775978996640159
498,1192,1899,644,855,203,171,0.8472169580913725
499,1192,16550,83,694,294,495,0.7518176237742106
500,1192,24849,645,206,177,275,0.6204005082448323
501,1194,1899,151,255,196,161,0.9218578679221017
502,1194,33008,547,835,377,200,0.855742579414731
503,1194,16550,611,64,287,480,0.8434456303006126
504,1194,24849,167,815,178,296,0.5336971510024298
505,1196,35205,139,707,240,408,0.9286589849562872
506,1196,27776,637,293,176,195,0.9057165327526274
507,1196,3482,172,275,262,220,0.8504924887702578
508,1196,28762,613,887,223,214,0.734673227582659
509,1197,35205,616,142,223,400,0.9124848388490222
510,1197,27776,179,811,175,200,0.8483983221508208
511,1197,28762,163,179,212,201,0.8225842884608677
512,1197,3482,567,811,263,220,0.7060374532427106
513,1198,27776,178,812,175,199,0.8491107395717076
514,1198,20237,605,196,225,215,0.83628739629473
515,1198,3482,567,815,263,220,0.7291215374356224
516,1198,28762,130,215,211,203,0.5287206172943115
517,1199,27776,638,291,175,196,0.9144735336303711
518,1199,20237,152,851,231,224,0.9056721982501802
519,1199,3482,172,272,262,221,0.8414430277688162
520,1199,28762,648,851,221,213,0.7841038703918457
521,120,13899,689,795,228,219,0.9709073248363677
522,120,3350,334,254,183,183,0.8818171137855166
523,120,16687,114,678,449,589,0.6210553646087646
524,1201,12246,583,815,212,156,0.9594580105372837
525,1201,16547,585,212,232,226,0.9072612013135637
526,1201,21025,102,823,180,178,0.7953313986460367
527,1201,3543,143,187,204,198,0.41492516086215064
528,1204,32309,66,217,343,252,0.8784686383746919
529,1204,22073,685,263,185,186,0.877673171815418
530,1204,3350,392,860,192,192,0.839811847323463
531,1206,22073,93,854,186,187,0.946538561866397
532,1206,32309,566,815,353,272,0.9424663725353423
533,1206,3350,397,224,182,183,0.8243402412959507
534,1206,41767,0,0,171,105,0.14192108597074235
535,1207,27776,637,293,176,195,0.9110531920478457
536,1207,3482,171,274,263,220,0.8477911495027087
537,1207,22346,686,812,212,207,0.8028725783030192
538,1207,16231,153,827,191,193,0.7558501902080718
539,1209,16231,644,251,187,181,0.8557952018011183
540,1209,27776,179,811,175,199,0.8466958431970505
541,1209,22346,101,260,206,197,0.7838040874117896
542,1209,3482,567,812,263,220,0.7246480669294084
543,1210,35205,659,174,224,404,0.9317242531549362
544,1210,20876,116,767,331,230,0.9256507669176374
545,1210,34596,69,140,469,386,0.8817071574074881
546,1210,3482,650,750,211,268,0.819563070933024
547,1212,20876,543,294,330,233,0.9169001238686697
548,1212,35205,96,672,238,408,0.9096900622049967
549,1212,34596,451,708,485,405,0.9039906660715739
550,1212,3482,140,292,213,256,0.7909333138238815
551,1213,2482,662,62,199,483,0.8271136170341855
552,1213,22626,104,5,312,482,0.8013670217423212
553,1213,25437,128,836,255,255,0.7947258722214472
554,1213,5885,594,679,231,490,0.7650871503920782
555,1214,22626,109,39,307,485,0.8129161880129859
556,1214,2482,656,98,196,471,0.7958653427305675
557,1214,25437,130,848,260,267,0.7887835729689825
558,1214,5885,600,681,245,505,0.7523283504304431
559,1216,10220,130,846,228,226,0.9134080296471006
560,1216,27925,154,176,268,454,0.8529502437228248
561,1216,16550,615,178,284,466,0.8404701664334251
562,1216,3543,660,865,214,213,0.7179083710625058
563,1219,29344,578,666,282,449,0.9668871334620884
564,1219,16550,65,581,332,463,0.8509739807673863
565,1219,10220,648,207,220,215,0.6310108729771206
566,1219,3543,103,241,204,200,0.6123728979201544
567,122,25366,53,93,367,471,0.8432861736842564
568,122,29666,591,170,218,215,0.8340744177500407
569,122,3482,574,811,280,193,0.784841775894165
570,122,25468,47,787,355,300,0.7142466022854759
571,1220,29344,605,704,281,443,0.9518038658868698
572,1220,16550,94,627,336,458,0.8227687222617013
573,1220,3543,121,250,208,202,0.685856853212629
574,1220,10220,678,214,224,216,0.5818381763639904
575,1222,36636,614,203,184,241,0.8244444075084868
576,1222,3482,558,811,288,174,0.7859138080051967
577,1222,25366,94,105,319,490,0.77999404498509
578,1222,27652,62,810,226,211,0.7463071459815616
579,1224,25366,116,120,324,502,0.8151413713182721
580,1224,36636,642,208,190,247,0.8144186224256242
581,1224,3482,586,845,285,165,0.7322015081133161
582,1224,27652,95,852,222,207,0.7055621487753732
583,1226,35205,582,99,288,374,0.8855709575471423
584,1226,31884,122,8,324,543,0.8574857598259336
585,1226,3482,600,867,260,230,0.7510855652037121
586,1226,19860,126,865,220,168,0.7384196917215983
587,1227,35205,110,776,301,387,0.9340942473638625
588,1227,31884,546,692,336,556,0.9288175333113897
589,1227,3482,151,219,246,221,0.8522652444385347
590,1227,19860,638,278,219,169,0.5887450490679059
591,1232,20876,592,258,325,243,0.9298485801333473
592,1232,31884,544,659,402,522,0.9135602769397554
593,1232,3482,143,288,214,255,0.8340559686933244
594,1232,29666,132,859,231,226,0.7466886157081241
595,1235,16547,621,145,238,228,0.9269133068266369
596,1235,1899,151,254,195,162,0.9162639436267671
597,1235,33008,548,835,377,201,0.8730250880831764
598,1235,21770,161,806,189,185,0.42769843623751685
599,1237,16547,614,188,237,225,0.9017216591607956
600,1237,31704,170,686,250,445,0.8648698670523507
601,1237,1899,105,268,202,126,0.8136808304559616
602,1237,44198,633,801,163,278,0.7905496302105132
603,1238,44198,205,233,161,267,0.8638658977690197
604,1238,1899,682,878,211,133,0.8186816601526169
605,1238,31704,567,175,253,422,0.7917601153964088
606,1238,16547,131,843,241,237,0.4824071271078927
607,1239,16547,585,180,232,227,0.8376844724019368
608,1239,31704,139,645,250,452,0.8126556305658249
609,1239,44198,605,769,167,284,0.7857506048111689
610,1239,1899,88,260,200,126,0.7824001993451799
611,124,21770,686,883,198,192,0.9634292693365187
612,124,21025,672,272,178,173,0.882767155056908
613,124,16550,1,766,368,452,0.8731155168442498
614,124,1899,174,281,203,138,0.8382053602309454
615,1242,29344,92,707,285,447,0.9677925563993908
616,1242,44198,637,805,163,286,0.8789443402063278
617,1242,16550,546,93,283,463,0.8264290151141939
618,1242,1899,160,257,127,200,0.7742375986916677
619,1243,27732,122,765,318,277,0.8979642958868117
620,1243,35205,600,128,256,388,0.8877775214967273
621,1243,3482,608,790,275,210,0.8159546625046502
622,1243,30307,68,138,373,425,0.7695016974494571
623,1244,35205,123,736,273,396,0.9275378499712262
624,1244,27732,564,261,301,266,0.9000642526717413
625,1244,3482,121,307,273,199,0.8217937038058326
626,1244,30307,562,687,381,434,0.6060145014808291
627,1245,27732,86,726,322,282,0.8680999279022217
628,1245,35205,570,120,251,377,0.860197487331572
629,1245,3482,580,758,275,211,0.8147024540674118
630,1245,30307,52,121,364,417,0.7783015569051106
631,1246,27776,145,775,178,207,0.9078430561792282
632,1246,34596,57,80,393,463,0.8295706340244838
633,1246,16261,575,187,238,229,0.8034006186894008
634,1246,3482,538,780,266,226,0.7814554941086542
635,1248,27776,639,292,175,196,0.9082495030902681
636,1248,34596,523,664,413,480,0.8638974030812581
637,1248,3482,173,272,261,221,0.8360959802355085
638,1248,16261,136,834,250,242,0.8006110077812558
639,1248,31884,521,665,413,479,0.17139529756137303
640,125,21770,116,204,190,185,0.9433273474375407
641,125,16550,624,32,352,441,0.8966707047962007
642,125,1899,622,888,207,140,0.8623552322387695
643,125,21025,137,868,180,176,0.7569244362059093
644,1250,12777,99,56,303,534,0.9378415629977271
645,1250,4377,597,703,226,466,0.8183516774858747
646,1250,5093,105,809,285,288,0.8096939041500999
647,1250,2482,610,87,213,470,0.7991932119641985
648,1251,12777,545,651,298,523,0.9538825352986653
649,1251,5093,549,189,272,269,0.8132540611993698
650,1251,2482,86,677,235,480,0.8083236217498779
651,1251,4377,136,108,215,439,0.6821210043770926
652,1252,20876,71,797,326,243,0.9234940438043503
653,1252,3482,646,754,212,268,0.817007337297712
654,1252,30307,77,80,395,412,0.7877411728813535
655,1252,29666,624,186,224,216,0.7666369279225667
656,1254,20876,39,754,327,253,0.9363460540771484
657,1254,3482,620,722,211,270,0.8298192705426897
658,1254,30307,65,66,378,402,0.8172292368752615
659,1254,29666,595,181,219,215,0.8052249181838262
660,1256,31704,132,131,245,419,0.8547034717741466
661,1256,1899,644,829,170,200,0.8413199016026088
662,1256,16550,89,664,304,486,0.7526869433266775
663,1256,19606,655,272,157,148,0.7504754407065255
664,126,21770,100,196,186,182,0.963882945832752
665,126,16550,595,28,344,429,0.9101517995198567
666,126,21025,103,833,183,180,0.8724167233421689
667,126,1899,595,856,212,145,0.855648914972941
668,1261,16231,649,230,191,182,0.8095926330203101
669,1261,3482,585,845,286,167,0.7301999273754302
670,1261,27652,94,852,222,207,0.7103544189816429
671,1261,22346,140,169,206,197,0.6980398155394054
672,1262,16231,620,221,187,183,0.8287257239932105
673,1262,3482,557,811,288,174,0.7597615605308896
674,1262,27652,61,810,226,211,0.7349000658307756
675,1262,22346,124,164,201,194,0.7057081517719087
676,1263,16231,142,846,196,192,0.8393452281043643
677,1263,3482,132,287,277,174,0.8147790318443662
678,1263,22346,645,901,215,210,0.7743937628609793
679,1263,27652,670,254,222,199,0.761952002843221
680,1264,31862,638,320,205,206,0.9096581027621314
681,1264,36636,226,318,204,238,0.7829645701817104
682,1264,3350,391,861,190,191,0.7515635944548107
683,1265,3350,355,176,186,190,0.8390158131009056
684,1265,36636,506,662,209,252,0.8339410168784005
685,1265,31862,80,704,210,213,0.44828775383177255
686,1266,36636,547,752,204,245,0.8408256371815999
687,1266,3350,397,236,185,184,0.83235121908642
688,1266,31862,122,790,207,205,0.13338046414511545
689,1269,13899,619,761,174,261,0.9641832397097633
690,1269,3350,362,232,183,183,0.8236381553468249
691,1269,36636,217,769,210,240,0.6918000039600191
692,127,2482,642,116,199,470,0.7797309898194812
693,127,22361,617,781,258,422,0.7705689611889067
694,127,5093,135,856,289,287,0.7461460431416829
695,127,6191,130,141,296,548,0.6533404758998326
696,1270,27925,145,146,263,453,0.8712221894945417
697,1270,1899,629,895,212,133,0.8365534033094133
698,1270,18109,637,271,305,285,0.7533252806890578
699,1270,16547,115,852,241,237,0.7051318600064231
700,1272,16547,630,176,237,227,0.9514813196091424
701,1272,1899,157,249,204,126,0.8379304976690383
702,1272,18109,48,739,307,288,0.7432969978877476
703,1272,27925,599,673,255,480,0.5705679598308745
704,1273,25437,554,204,247,251,0.8313331717536563
705,1273,6191,546,591,292,530,0.7998647008623395
706,1273,13394,109,46,242,486,0.7433274246397472
707,1273,2482,105,678,233,490,0.7316759086790539
708,1274,2482,600,42,219,487,0.8554509707859584
709,1274,25437,124,810,254,257,0.8259229432968865
710,1274,13394,590,714,236,495,0.7815718083154587
711,1274,6191,103,78,296,531,0.5726396469842819
712,1278,38161,622,705,187,294,0.957496960957845
713,1278,3831,151,606,307,416,0.9486134279341925
714,1278,3350,418,256,182,181,0.8395132564363025
715,1279,21770,674,287,188,179,0.9031447342463902
716,1279,31704,121,135,246,420,0.868894826798212
717,1279,1899,647,856,211,155,0.8264292989458356
718,1279,16550,88,767,298,497,0.8251200403485979
719,128,2482,650,80,198,483,0.8206733067830403
720,128,5093,136,847,278,273,0.8150937443687802
721,128,22361,607,779,253,406,0.8123624324798584
722,128,6191,131,131,293,529,0.5713267553420294
723,1280,21770,90,811,195,189,0.87394532703218
724,1280,16550,574,0,279,456,0.8459124678657168
725,1280,31704,604,689,254,455,0.8354727427164713
726,1280,1899,123,261,200,147,0.8119093236469087
727,1282,19551,507,591,307,493,0.7613082726796467
728,1282,13394,84,84,229,482,0.7234756151835123
729,1282,2482,60,647,201,486,0.6669850008828299
730,1282,3742,497,125,312,305,0.558575051171439
731,1284,2482,671,78,204,485,0.8461412361689976
732,1284,13394,629,676,229,496,0.7609628495715913
733,1284,3742,116,825,323,323,0.7258537837437221
734,1284,19551,122,117,313,497,0.7073120276133219
735,129,22361,82,76,249,389,0.862265768505278
736,129,5093,521,151,271,263,0.8227605479104177
737,129,6191,518,544,288,526,0.7855732100350515
738,129,2482,81,643,205,489,0.5914878845214844
739,1290,29344,592,534,268,443,0.9731983003162202
740,1290,16547,538,139,231,226,0.9085920311155773
741,1290,1899,163,256,127,200,0.7954216003417969
742,1290,18109,44,722,312,299,0.7708609104156494
743,1293,27776,145,776,179,207,0.9103273777734665
744,1293,20237,576,191,221,213,0.839168628056844
745,1293,30307,116,86,309,446,0.8272189185732887
746,1293,3482,539,780,266,226,0.7697994936080206
747,1294,35205,680,153,202,406,0.9555931318373907
748,1294,34596,15,46,413,451,0.9010184946514311
749,1294,3482,586,845,285,166,0.7296842620486305
750,1294,27652,95,852,222,207,0.7119467712583996
751,1295,35205,649,142,201,399,0.9501714933486212
752,1295,34596,6,20,400,457,0.8590664182390485
753,1295,3482,558,811,287,174,0.7574005354018438
754,1295,27652,61,811,226,210,0.7432360308510916
755,1296,35205,102,686,208,418,0.8845443952651251
756,1296,34596,566,732,410,474,0.8607720193408784
757,1296,3482,132,288,276,173,0.8070720945085798
758,1296,27652,670,253,221,201,0.7684932436261858
759,1297,12419,687,273,183,173,0.9738122849237351
760,1297,3543,644,918,216,216,0.8430126167479015
761,1297,16547,151,245,232,225,0.8377955641065324
762,1297,4542,157,891,212,211,0.7100808052789597
763,1298,12419,118,859,184,182,0.9499553839365641
764,1298,16547,616,828,238,229,0.9362610181172688
765,1298,3543,140,144,208,203,0.7401432309831891
766,1298,4542,616,169,208,200,0.7348732721237909
767,13,33879,478,245,438,272,0.9117136682782854
768,13,3350,429,854,189,191,0.7800127211071196
769,13,16231,143,330,193,191,0.705506233941941
770,130,27776,638,294,175,194,0.9049960545131138
771,130,36636,130,828,192,254,0.8669052237556094
772,130,3482,173,274,261,220,0.8435278279440743
773,130,30307,509,766,464,310,0.7539004938943045
774,1300,31884,73,125,463,467,0.8974934191930861
775,1300,29666,632,180,223,215,0.797001180194673
776,1300,3482,585,845,285,166,0.7224807285127185
777,1300,27652,94,852,222,206,0.7048300902048746
778,1302,31884,60,99,447,463,0.9177257901146298
779,1302,29666,604,176,218,214,0.7995335261027018
780,1302,3482,557,811,288,174,0.7743708292643229
781,1302,27652,61,809,225,212,0.7333275817689441
782,1305,16550,77,671,337,466,0.9103046712421236
783,1305,27925,598,160,259,449,0.835184994198027
784,1305,1899,631,895,211,134,0.8307463214510963
785,1305,12246,148,292,271,146,0.06710581126667205
786,1309,27732,560,256,302,265,0.9006538845243908
787,1309,28762,582,871,224,213,0.8539738541557675
788,1309,3482,120,306,274,199,0.8337154274895078
789,1309,29666,87,862,230,228,0.775419757479713
790,1311,27732,92,732,321,281,0.8924942924862815
791,1311,29666,638,176,222,213,0.8207316625685919
792,1311,3482,580,758,275,211,0.8146980830601284
793,1311,28762,175,186,208,200,0.6558201994214738
794,1312,2482,618,49,249,472,0.860686529250372
795,1312,22626,69,57,322,480,0.7747643902188255
796,1312,5885,596,684,236,488,0.7726044881911505
797,1312,5093,109,804,278,276,0.6796928814479283
798,1315,19231,543,208,298,288,0.9240488778977166
799,1315,16687,147,94,276,602,0.8395141646975562
800,1315,3350,422,878,190,192,0.761437245777675
801,1316,19231,82,695,305,303,0.9613445826939173
802,1316,3350,326,161,185,189,0.8657259600503103
803,1316,16687,515,469,289,665,0.8298133100782121
804,132,36636,665,179,186,249,0.866206997916812
805,132,27776,179,810,174,200,0.8514332203637985
806,132,30307,31,179,455,308,0.8183916409810383
807,132,3482,566,812,264,221,0.711151191166469
808,1322,2482,86,677,238,479,0.819231214977446
809,1322,5093,550,190,271,268,0.8108180477505638
810,1322,6191,485,595,335,501,0.7797931489490327
811,1322,4377,136,108,215,438,0.7087223870413644
812,1322,22361,484,595,336,496,0.132282806294305
813,1323,2482,615,51,224,481,0.832327888125465
814,1323,5093,104,798,277,277,0.7631495453062511
815,1323,4377,590,700,217,452,0.6693373407636369
816,1323,6191,124,106,340,500,0.6076727594648088
817,1326,3350,369,245,182,183,0.9080159096490769
818,1326,20237,600,840,226,222,0.8936743509201776
819,1326,18356,161,672,267,348,0.7095662185123989
820,1327,1899,643,844,188,189,0.8587010133834112
821,1327,16547,167,814,239,237,0.8340069225856236
822,1327,44198,174,234,200,259,0.8133363156091599
823,1327,29450,511,242,410,221,0.7420929272969563
824,1328,16547,581,216,237,227,0.9242075965518043
825,1328,29450,72,844,416,217,0.8414458660852341
826,1328,1899,167,248,183,181,0.8191993690672374
827,1328,44198,625,811,210,269,0.394156915800912
828,1329,16547,554,207,230,226,0.9016214098249162
829,1329,1899,148,241,181,179,0.8577007339114234
830,1329,29450,36,802,419,223,0.7882044996534074
831,1329,44198,597,779,214,275,0.4583987167903355
832,1330,35205,611,120,231,400,0.9219918932233537
833,1330,34596,93,162,443,424,0.8355141821361723
834,1330,3482,601,845,279,187,0.7523128532228015
835,1330,25468,88,828,344,304,0.7273301624116443
836,1331,35205,582,112,225,389,0.906185365858532
837,1331,3482,575,810,280,193,0.7939814385913667
838,1331,34596,79,131,430,428,0.774558839343843
839,1331,25468,50,786,353,303,0.7110847745622907
840,1332,35205,135,729,248,408,0.8924892402830578
841,1332,34596,457,651,455,438,0.8803730919247581
842,1332,3482,124,272,272,188,0.8442153249468122
843,1332,25468,573,187,328,286,0.6880690370287214
844,1333,20013,579,283,341,318,0.8228195281255812
845,1333,36636,157,284,193,245,0.7717706475939069
846,1333,3350,399,922,191,193,0.759336891628447
847,1333,31884,554,0,422,338,0.053751767391250246
848,1337,16547,577,187,237,226,0.9463074093773252
849,1337,29450,495,821,402,265,0.8848444620768229
850,1337,18109,79,791,306,289,0.8367723510378883
851,1337,1899,167,247,184,179,0.8326648530505952
852,134,35205,649,142,201,399,0.9498819850739978
853,134,31884,43,5,349,521,0.9043652103060767
854,134,3482,557,811,289,174,0.7772610301063174
855,134,27652,62,810,225,211,0.7386355740683419
856,1340,24849,582,285,289,170,0.9083818254016695
857,1340,16547,187,824,240,237,0.8866094407581148
858,1340,31704,133,128,245,419,0.8322374593643914
859,1340,1899,643,860,210,156,0.8159340563274565
860,1345,31884,166,134,424,490,0.8788060574304489
861,1345,29666,618,174,224,215,0.7763220582689557
862,1345,3482,600,846,278,187,0.7500677449362618
863,1345,25468,85,829,346,301,0.7268203440166655
864,1347,31884,417,616,420,508,0.8907370340256463
865,1347,3482,125,271,272,188,0.8361075605664934
866,1347,29666,138,871,231,226,0.7357683068230039
867,1347,25468,573,188,330,284,0.7162968885330927
868,1348,31862,185,265,205,207,0.9376412913912818
869,1348,3350,361,879,191,192,0.7776229722159249
870,1348,22073,675,309,184,189,0.7115167663210914
871,135,35205,680,153,201,406,0.9568409692673455
872,135,31884,55,21,363,530,0.8947509811038062
873,135,3482,585,845,287,166,0.7263387384868804
874,135,27652,95,852,222,207,0.7111662910098121
875,1350,22073,104,814,187,187,0.9164880570911226
876,1350,3350,425,219,186,184,0.7722805795215425
877,1350,31862,587,857,206,205,0.4946918146950858
878,1353,27776,637,293,175,195,0.9105417274293445
879,1353,34596,510,678,443,458,0.891572804678054
880,1353,3482,171,275,263,219,0.8518519288017636
881,1353,16231,153,828,191,192,0.7479897567204067
882,1354,20876,542,294,331,233,0.9168035643441336
883,1354,36636,167,799,188,255,0.8704234304882231
884,1354,3482,140,292,213,255,0.790882735025315
885,1354,30307,576,737,341,464,0.6592208998543875
886,1355,20876,85,724,333,243,0.9120619864690871
887,1355,3482,624,718,210,270,0.8311431180863152
888,1355,36636,604,204,179,244,0.8305542809622628
889,1355,30307,80,45,321,443,0.8217119035266695
890,1357,12419,626,814,189,186,0.9588206382024855
891,1357,16547,577,168,233,226,0.8971176260993594
892,1357,6562,165,672,217,364,0.8518670286451067
893,1357,3543,94,228,204,200,0.7005729561760312
894,1358,16547,606,176,237,226,0.9211481752849761
895,1358,12419,654,847,187,181,0.8869798978169758
896,1358,6562,197,715,216,358,0.7959991409665061
897,1358,3543,112,240,207,201,0.75492677234468
898,1359,12419,164,278,182,177,0.9805709975106375
899,1359,6562,582,231,214,338,0.8281325158618745
900,1359,3543,674,827,213,211,0.7500586623237246
901,1359,16547,139,853,242,238,0.5417106265113467
902,136,44198,134,243,244,231,0.9525387627737862
903,136,16550,76,653,318,482,0.8646302563803536
904,136,33008,565,212,322,289,0.8327002184731619
905,136,1899,651,851,210,157,0.8276633421579996
906,1361,29666,628,690,230,231,0.8817366191319057
907,1361,3350,357,148,184,189,0.8488977523077101
908,1361,19231,167,650,242,354,0.7773017315637497
909,1363,33879,452,242,436,291,0.9477706750233967
910,1363,16261,118,292,244,235,0.8435383297148205
911,1363,3350,432,887,190,192,0.745658760979062
912,1366,3482,132,287,278,174,0.8146172478085472
913,1366,22346,663,836,213,207,0.7863271804082961
914,1366,29666,125,864,229,227,0.7646468139830089
915,1366,27652,671,255,222,199,0.7607150645483107
916,1367,29666,604,175,218,214,0.813488279070173
917,1367,22346,106,226,202,193,0.7924368835630871
918,1367,3482,557,811,288,174,0.757041885739281
919,1367,27652,61,810,224,211,0.7309335754031226
920,1369,22346,118,213,207,198,0.8015547479901994
921,1369,16261,638,177,244,231,0.7951289131527854
922,1369,3482,600,867,260,230,0.7591094857170468
923,1369,19860,126,865,220,168,0.7352442968459356
924,1371,16261,609,172,240,228,0.8112423192887079
925,1371,3482,573,836,262,231,0.8079761550540016
926,1371,19860,90,828,226,177,0.7701226075490315
927,1371,22346,102,205,202,194,0.7698131742931548
928,1372,2482,599,113,283,445,0.8137030260903494
929,1372,5885,611,695,240,509,0.8103708993820917
930,1372,22626,82,102,319,475,0.8005395957401821
931,1372,3742,74,810,333,331,0.6448627085912795
932,1376,33207,152,296,207,196,0.9723256883167085
933,1376,1899,642,859,205,166,0.855876434416998
934,1376,33008,583,241,359,237,0.8449034463791619
935,1376,16550,89,702,294,495,0.8441480568477085
936,1377,33207,641,806,210,199,0.9290687810807
937,1377,1899,151,256,198,155,0.904062929607573
938,1377,33008,47,824,360,232,0.8043335165296281
939,1377,16550,607,55,282,484,0.7776573726109096
940,1378,35205,109,776,300,388,0.9336584522610618
941,1378,3482,151,219,246,221,0.8501034123556954
942,1378,22346,623,868,214,208,0.8148010571797688
943,1378,19860,638,278,219,169,0.5981503781818208
944,1379,35205,585,99,285,374,0.8534975278945196
945,1379,22346,161,200,206,199,0.7975491455623082
946,1379,3482,600,867,260,231,0.7600001494089762
947,1379,19860,126,865,219,168,0.7369007950737363
948,1381,21324,632,276,239,139,0.9142571403866722
949,1381,3350,407,842,189,193,0.8525237582978747
950,1381,32309,32,233,368,235,0.5788574332282657
951,1384,27776,178,812,174,199,0.8539281572614397
952,1384,20237,604,196,226,216,0.8380001499539329
953,1384,25366,51,95,418,454,0.8320875962575276
954,1384,3482,567,815,263,219,0.7287498882838658
955,1385,27776,145,775,179,207,0.9048497109186081
956,1385,25366,40,80,405,446,0.8606592814127604
957,1385,20237,576,190,221,214,0.8553504376184372
958,1385,3482,539,780,265,226,0.7777457577841622
959,1386,25366,533,699,427,471,0.918291239511399
960,1386,27776,638,292,176,195,0.9171536990574428
961,1386,20237,152,850,232,225,0.9019220442998976
962,1386,3482,173,273,261,220,0.8437588669004894
963,1387,20876,138,832,275,310,0.9430694012414841
964,1387,20237,601,181,227,215,0.8543070725032261
965,1387,22346,112,241,207,197,0.7899041970570881
966,1387,3482,642,759,204,272,0.7871893474033901
967,139,35205,583,113,225,388,0.9163365477607364
968,139,31884,10,45,394,505,0.9157164891560872
969,139,3482,574,811,280,193,0.7892931642986479
970,139,25468,49,787,353,302,0.7217011565253848
971,1390,22626,108,165,365,453,0.8250699156806582
972,1390,25437,157,871,260,267,0.7720154240017845
973,1390,22361,605,746,266,418,0.7674963701338995
974,1390,2482,601,116,203,467,0.7167662325359526
975,1392,2482,604,80,218,479,0.8463600703648159
976,1392,22361,597,744,259,406,0.834504592986334
977,1392,25437,154,860,256,254,0.8334216049739293
978,1392,22626,104,134,371,450,0.8019975821177164
979,1393,27776,639,292,175,195,0.9111203466142926
980,1393,3482,173,273,262,220,0.8405264218648274
981,1393,16261,136,835,249,241,0.8218130611238025
982,1393,22346,682,870,216,209,0.8127622944968087
983,1395,27776,145,775,178,207,0.9078939188094366
984,1395,16261,576,187,237,228,0.8179577759334019
985,1395,3482,538,779,266,227,0.7790321395510719
986,1395,22346,88,193,201,195,0.7771023682185582
987,1396,19551,510,599,323,480,0.842494113104684
988,1396,5093,522,161,271,266,0.8115004357837495
989,1396,13394,79,83,231,483,0.7184810865493048
990,1396,2482,81,659,216,490,0.6825862044379825
991,140,35205,614,122,230,398,0.9308314323425293
992,140,31884,22,68,412,508,0.9013036886850992
993,140,3482,600,846,279,187,0.752006315049671
994,140,25468,88,828,343,303,0.726097197759719
995,1401,3482,125,270,272,189,0.838702122370402
996,1401,29666,137,871,231,227,0.8085272425696963
997,1401,22346,649,851,215,207,0.7727667831239245
998,1401,25468,574,188,329,284,0.690197263445173
999,1402,20237,84,334,226,221,0.8319578284309024
1000,1402,3350,424,885,190,192,0.6725746677035377
1001,1402,33879,460,200,387,357,0.5850936685289655
1002,1404,33879,117,740,395,375,0.9848485674176897
1003,1404,20237,668,762,228,223,0.8928517500559489
1004,1404,3350,365,215,184,183,0.8417765299479166
1005,1407,38161,604,793,245,253,0.977015495300293
1006,1407,3350,379,230,184,182,0.8582439309074765
1007,1407,33879,102,682,313,430,0.8151512486594064
1008,1408,33207,657,899,219,210,0.9617334320431663
1009,1408,21025,685,275,178,172,0.9047727357773553
1010,1408,16547,73,808,242,236,0.8927964028858003
1011,1408,1899,187,274,202,135,0.8273302373431978
1012,1411,36636,643,208,189,247,0.8080713521866572
1013,1411,30307,70,126,382,420,0.7744428657350085
1014,1411,3482,587,845,285,166,0.726661795661563
1015,1411,27652,96,853,223,206,0.7090593519664946
1016,1413,36636,151,803,194,253,0.869200967607044
1017,1413,3482,130,288,277,173,0.8129547891162691
1018,1413,27652,669,253,221,200,0.7641480650220598
1019,1413,30307,550,706,390,424,0.6421418984731038
1020,1414,10220,599,191,219,214,0.9098043328239804
1021,1414,16547,55,776,241,233,0.7906509581066313
1022,1414,3543,109,194,203,199,0.7408936818440754
1023,1414,27925,552,599,276,485,0.6489741802215576
1024,1418,1899,129,257,196,148,0.8542669387090773
1025,1418,16550,105,651,290,487,0.8465240115211123
1026,1418,31704,593,700,253,452,0.8040390695844377
1027,142,44198,77,177,251,223,0.9699316251845587
1028,142,16547,593,155,231,227,0.9346657707577659
1029,142,1899,581,866,212,143,0.866587616148449
1030,142,21025,92,830,181,181,0.848466157913208
1031,1420,41767,97,239,296,265,0.9628350394112722
1032,1420,16687,547,57,267,609,0.8312882128215972
1033,1420,3350,409,874,190,191,0.798866521744501
1034,1421,41767,552,720,300,283,0.950477123260498
1035,1421,3350,338,165,184,189,0.8677668230874197
1036,1421,16687,108,505,277,666,0.7920031320481074
1037,1424,35205,581,133,221,391,0.9135295663561139
1038,1424,27776,145,774,179,207,0.9059357643127441
1039,1424,31884,98,77,357,519,0.8318385056086949
1040,1424,3482,538,777,267,227,0.7836617742265973
1041,1425,35205,611,142,227,400,0.9205994151887439
1042,1425,31884,113,97,369,526,0.8614706993103027
1043,1425,27776,178,811,175,199,0.848017306554885
1044,1425,3482,567,812,262,221,0.7034915401822044
1045,1429,29344,606,705,281,441,0.9455339113871256
1046,1429,16547,126,829,236,229,0.8867106551215762
1047,1429,3543,121,250,208,203,0.6939831234159923
1048,1429,10220,678,214,225,216,0.5523525533222017
1049,143,44198,92,184,256,229,0.9613681974865141
1050,143,16547,621,161,237,226,0.9490602924710227
1051,143,1899,609,900,206,136,0.8586928390321277
1052,143,21025,125,865,179,177,0.7052247864859444
1053,1431,29344,578,667,282,448,0.9627329735528855
1054,1431,16547,91,789,239,235,0.6993531045459566
1055,1431,10220,648,207,220,215,0.6616074698311941
1056,1431,3543,103,241,204,200,0.651027758916219
1057,1433,38161,607,753,295,210,0.9768384978884742
1058,1433,3350,368,172,180,185,0.8712515944526309
1059,1433,32309,0,663,301,328,0.8226511024293445
1060,1433,18146,836,0,140,111,0.06494311349732534
1061,1433,41767,842,0,134,110,0.04880152642726898
1062,1435,13899,169,340,172,253,0.9578333582196916
1063,1435,3350,398,854,188,190,0.7776194527035667
1064,1435,20237,589,307,223,218,0.7560844080788748
1065,1436,13899,600,626,178,266,0.9697361219496954
1066,1436,3350,348,186,186,188,0.8740795226324172
1067,1436,20237,109,699,232,230,0.8300715401059104
1068,1438,12246,175,302,205,127,0.9297360692705426
1069,1438,16547,207,841,242,238,0.8613554636637369
1070,1438,6562,581,230,214,339,0.83158844993228
1071,1438,3543,698,856,214,213,0.7137085142589751
1072,1439,16547,513,179,233,227,0.907208692459833
1073,1439,6562,167,672,217,364,0.8533890474410284
1074,1439,12246,592,848,212,128,0.8252679166339693
1075,1439,3543,72,200,203,199,0.7061330477396647
1076,1441,27732,91,733,322,279,0.8886851583208356
1077,1441,36636,592,203,254,169,0.8741685322352818
1078,1441,3482,579,758,276,211,0.8162760166894821
1079,1441,22346,118,174,201,193,0.7491185551597959
1080,1442,27732,128,775,315,276,0.9077281043643043
1081,1442,3482,607,791,276,210,0.8049934250967843
1082,1442,22346,134,178,207,198,0.7301741554623558
1083,1442,36636,621,208,260,170,0.723671969913301
1084,1444,4377,133,109,221,437,0.9201680478595552
1085,1444,23222,522,626,298,510,0.8783331371489025
1086,1444,2482,93,692,212,488,0.7606772581736246
1087,1444,3742,481,149,317,304,0.662191595349993
1088,1446,23222,123,72,292,499,0.9427822771526518
1089,1446,2482,631,31,199,484,0.8210970674242292
1090,1446,4377,588,700,224,452,0.8185545035770961
1091,1446,3742,129,801,327,320,0.6831726573762439
1092,1447,29450,464,767,414,246,0.8141837801252092
1093,1447,16547,45,791,241,234,0.747366916565668
1094,1447,10220,627,192,219,215,0.7042009489876883
1095,1447,3543,103,179,203,200,0.6512599899655297
1096,1449,16547,80,832,238,227,0.911337931950887
1097,1449,29450,495,805,407,238,0.7397775990622384
1098,1449,3543,118,184,208,202,0.6845976625170026
1099,1449,10220,657,198,224,215,0.5533917744954426
1100,1450,12777,109,67,294,519,0.9054351420629592
1101,1450,2482,602,43,216,485,0.8618527934664771
1102,1450,25437,123,810,255,256,0.8303429966881162
1103,1450,13394,590,714,235,495,0.7783634322030203
1104,1452,12777,112,83,292,541,0.8813315913790748
1105,1452,2482,596,82,206,470,0.7711332752591087
1106,1452,13394,601,712,235,519,0.7568955989111037
1107,1452,25437,126,823,258,267,0.7539874599093482
1108,1453,18356,48,310,278,330,0.8295685904366629
1109,1453,16687,478,124,423,526,0.8118572121574765
1110,1453,3350,458,906,189,192,0.8080349082038516
1111,1455,3350,334,192,182,182,0.8499780155363537
1112,1455,18356,651,650,279,341,0.785136790502639
1113,1455,16687,73,623,432,589,0.6513282230922154
1114,1458,23222,77,168,301,498,0.9378074464343843
1115,1458,2482,611,65,241,472,0.8582797504606701
1116,1458,4377,639,706,226,451,0.8320086342947823
1117,1458,25437,110,829,255,254,0.7811629772186279
1118,1459,12080,649,693,245,466,0.8278922807602654
1119,1459,5093,105,808,286,289,0.8171361400967552
1120,1459,22626,75,187,316,473,0.8074268840608142
1121,1459,2482,625,73,223,461,0.7529295058477492
1122,146,31884,554,672,405,527,0.9352335475739978
1123,146,27776,637,293,175,195,0.9100610869271414
1124,146,3482,171,275,262,219,0.8500136647905622
1125,146,16231,153,828,190,192,0.7515344733283633
1126,1460,2482,52,700,255,478,0.7946622939336867
1127,1460,12080,72,131,223,427,0.7765794368017287
1128,1460,5093,550,189,269,270,0.769076631182716
1129,1460,22626,546,574,320,482,0.7511625403449649
1130,1461,2482,629,32,241,478,0.8680246557508196
1131,1461,5093,105,798,278,277,0.8047561418442499
1132,1461,12080,642,689,234,447,0.7763770648411342
1133,1461,22626,70,155,321,475,0.7621890022641136
1134,1462,25366,522,676,428,463,0.9139800639379592
1135,1462,20237,134,869,230,226,0.8533736637660435
1136,1462,3482,130,288,277,173,0.8125224567594982
1137,1462,27652,669,253,221,201,0.7587130296797979
1138,1463,25366,58,123,421,450,0.8548533916473389
1139,1463,20237,623,177,224,216,0.8287809008643741
1140,1463,3482,586,845,285,167,0.7256944974263508
1141,1463,27652,96,853,223,206,0.7084456511906215
1142,1464,20237,595,175,218,212,0.8940911293029785
1143,1464,25366,45,105,407,447,0.8415063789912632
1144,1464,3482,558,811,288,174,0.7764418352217901
1145,1464,27652,62,811,226,210,0.7396252950032551
1146,1466,16261,594,177,236,227,0.8325878211430141
1147,1466,3482,558,811,287,174,0.7596393993922642
1148,1466,27652,61,810,226,211,0.7375017801920573
1149,1466,22346,106,178,201,195,0.7037537438528878
1150,1473,19606,151,218,159,153,0.9176633471534366
1151,1473,1899,615,861,202,157,0.8491098313104538
1152,1473,16550,572,89,285,483,0.8405055886223203
1153,1473,21025,125,866,179,176,0.7297381332942418
1154,1474,27732,123,765,318,277,0.9039952073778424
1155,1474,34596,69,99,435,428,0.8718058608827136
1156,1474,3482,609,789,275,210,0.8137821015857515
1157,1474,36636,620,207,261,170,0.7894619873591832
1158,1476,36636,591,202,254,169,0.8936865556807745
1159,1476,27732,87,726,321,283,0.8684939997536795
1160,1476,3482,580,757,276,210,0.8222454502469017
1161,1476,34596,55,73,426,431,0.7421499206906272
1162,1477,18356,357,680,251,371,0.8626151084899902
1163,1477,3350,651,289,182,182,0.7325316610790434
1164,1477,36636,86,232,241,213,0.5463796570187524
1165,148,20237,120,299,227,220,0.9093234652564639
1166,148,19231,500,235,332,258,0.8893709523337228
1167,148,3350,401,850,190,191,0.7378806954338437
1168,1480,10220,158,261,219,212,0.9420121851421538
1169,1480,6562,592,240,212,337,0.8835050605592273
1170,1480,16547,173,833,240,238,0.8279724915822346
1171,1480,3543,642,875,215,213,0.7678736391521636
1172,1483,35205,108,776,301,387,0.924628802708217
1173,1483,3482,151,219,246,221,0.8573751222519647
1174,1483,28762,631,897,221,214,0.8103415511903308
1175,1483,19860,638,278,219,169,0.5897068977355957
1176,1485,35205,585,99,284,374,0.8477751413981119
1177,1485,28762,148,168,210,201,0.8394226573762439
1178,1485,3482,600,867,260,231,0.755269584201631
1179,1485,19860,126,865,220,168,0.7344701176597959
1180,1488,3350,393,206,182,183,0.8761896405901227
1181,1488,21324,209,826,202,198,0.7636174701509021
1182,1488,31862,626,831,207,205,0.5721905685606457
1183,1489,20237,184,282,225,216,0.9169431527455647
1184,1489,20013,534,289,342,316,0.9114767823900495
1185,1489,3350,401,851,190,190,0.7470536231994629
1186,149,19231,93,698,338,267,0.9612627256484259
1187,149,20237,594,711,230,228,0.8899279435475667
1188,149,3350,346,190,184,188,0.8797868092854817
1189,1492,18146,525,297,340,355,0.8326863107227144
1190,1492,3350,379,903,189,191,0.8227448236374627
1191,1492,21324,183,276,161,231,0.5516902038029262
1192,1493,18146,58,544,350,377,0.9486386321839831
1193,1493,3350,367,136,185,189,0.9032389663514636
1194,1493,21324,597,720,160,241,0.7870383489699591
1195,1497,34596,61,58,302,498,0.845482349395752
1196,1497,3482,566,840,261,232,0.7972173463730585
1197,1497,19860,84,827,226,177,0.781935623713902
1198,1497,29666,609,198,221,216,0.7637105669294084
1199,1497,31884,63,58,301,499,0.29460140636989046
1200,15,33879,47,785,447,275,0.9884614036196754
1201,15,3350,360,248,184,182,0.8274691445486886
1202,15,16231,642,796,195,191,0.7312713918231782
1203,150,19231,138,800,333,263,0.9553385916210356
1204,150,20237,633,802,227,222,0.9067091487702869
1205,150,3350,389,251,182,182,0.8850349698747907
1206,1500,41767,574,857,345,183,0.9729263896033877
1207,1500,3350,352,237,182,182,0.8875460851760137
1208,1500,38161,197,737,184,294,0.8291274025326683
1209,151,33207,183,266,206,196,0.9802835328238351
1210,151,1899,644,844,187,190,0.8708383923485166
1211,151,29450,512,242,408,221,0.7571040448688325
1212,151,16547,98,818,240,237,0.6814483233860561
1213,152,33207,583,811,214,204,0.9628541128976004
1214,152,1899,148,241,181,180,0.8619537239982968
1215,152,29450,37,802,419,224,0.7517266273498535
1216,152,16547,620,204,231,225,0.7470081533704485
1217,153,33207,610,845,211,198,0.9549199967157272
1218,153,1899,167,247,183,181,0.8197464261736188
1219,153,29450,73,844,414,218,0.8160810811179025
1220,153,16547,649,212,236,228,0.7835924625396729
1221,154,23222,94,133,314,495,0.9434619971684046
1222,154,2482,618,49,249,471,0.8523506777627127
1223,154,5885,597,684,235,488,0.7698875949496314
1224,154,5093,109,803,279,276,0.6690357980274019
1225,155,23222,532,576,320,495,0.9028189522879464
1226,155,5093,548,186,270,267,0.8120272840772356
1227,155,5885,112,82,233,475,0.7899390515826997
1228,155,2482,71,692,250,467,0.7831738676343645
1229,156,23222,95,169,315,493,0.9350375334421793
1230,156,2482,606,84,257,460,0.8302634102957589
1231,156,5093,109,815,285,285,0.7354162420545305
1232,156,5885,603,684,249,506,0.7127059073675246
1233,157,27776,145,775,178,207,0.9092842397235689
1234,157,16261,575,187,238,228,0.8172064168112618
1235,157,3482,538,780,267,225,0.7875807512374151
1236,157,25366,106,83,392,459,0.7312033857618059
1237,159,27776,178,811,174,200,0.8550382795787993
1238,159,16261,603,192,244,232,0.7827481201716832
1239,159,3482,565,815,264,219,0.726507788612729
1240,159,25366,121,98,403,463,0.7132186208452497
1241,160,23202,211,315,134,139,0.9261466207958403
1242,160,16550,574,264,291,470,0.8467027686891101
1243,160,3543,626,887,215,213,0.8005576474325997
1244,160,4542,144,914,214,212,0.6670930272056943
1245,162,23202,654,853,137,136,0.8339925607045491
1246,162,16550,128,534,287,481,0.7929563522338867
1247,162,3543,158,178,206,200,0.7891028267996651
1248,162,4542,627,144,208,203,0.6399378322419665
1249,163,16231,644,250,187,183,0.8590454146975562
1250,163,27776,179,811,175,200,0.8485049860818045
1251,163,3482,567,812,264,220,0.7313414414723713
1252,163,28762,127,173,211,205,0.17213138796034314
1253,164,27776,637,292,176,196,0.9089477856953938
1254,164,3482,171,274,262,220,0.8488162926265171
1255,164,28762,651,891,222,214,0.7341677234286353
1256,164,16231,153,827,191,193,0.7203157742818196
1257,165,27776,146,775,179,207,0.9080096653529576
1258,165,16231,614,239,185,182,0.8447987125033424
1259,165,3482,540,777,266,226,0.7797102701096308
1260,165,28762,110,168,208,198,0.12370623293377103
1261,17,3350,297,165,185,189,0.8675144967578706
1262,17,35205,116,586,305,385,0.7308176585606166
1263,17,41767,557,645,278,298,0.5817361672719319
1264,170,12080,649,694,244,465,0.8315886202312651
1265,170,5093,106,808,285,289,0.817490986415318
1266,170,2482,620,73,231,461,0.7387892405192057
1267,170,6191,115,156,309,527,0.7075258663722447
1268,172,25366,114,65,338,500,0.8356132961454845
1269,172,29666,632,180,224,215,0.7867516790117536
1270,172,3482,584,845,286,166,0.7266789958590553
1271,172,27652,94,852,222,206,0.7138748396010626
1272,173,29666,604,176,218,213,0.7908830756232852
1273,173,25366,100,51,324,492,0.7760951064881824
1274,173,3482,557,811,288,174,0.7712345463888985
1275,173,27652,60,810,225,211,0.7331354277474539
1276,174,25366,546,683,344,517,0.8665095056806291
1277,174,3482,132,287,278,174,0.813922711781093
1278,174,27652,671,255,222,200,0.75877655120123
1279,174,29666,125,864,229,227,0.7181966872442336
1280,175,30307,122,97,276,473,0.8436143965948195
1281,175,29666,639,204,224,215,0.7778522514161609
1282,175,3482,594,872,259,230,0.772754294531686
1283,175,19860,119,864,221,169,0.7269723642440069
1284,176,30307,595,679,284,481,0.8829258169446672
1285,176,3482,159,214,244,221,0.8466643378848121
1286,176,29666,120,841,228,225,0.7502154509226481
1287,176,19860,643,278,221,169,0.6121810277303059
1288,179,27776,639,291,175,196,0.9115868523007347
1289,179,20237,152,851,231,224,0.9057467324393136
1290,179,3482,172,272,262,220,0.8430675665537516
1291,179,22346,644,832,214,208,0.7860200178055536
1292,180,27776,145,776,178,206,0.9089312099275134
1293,180,20237,577,190,220,213,0.8672538257780529
1294,180,22346,124,229,201,194,0.8072244553338913
1295,180,3482,538,780,267,226,0.7760247730073474
1296,183,10220,158,261,220,213,0.942147970199585
1297,183,6562,592,240,212,337,0.8819092455364409
1298,183,16550,16,699,409,414,0.7614838509332565
1299,183,3543,642,875,214,213,0.7503465243748256
1300,185,23202,627,820,141,140,0.8872162160419282
1301,185,3543,141,172,203,199,0.7784717991238548
1302,185,16547,133,738,239,235,0.7591805571601504
1303,185,4542,599,144,203,200,0.6749421074276879
1304,186,16547,166,782,236,227,0.8990331490834553
1305,186,23202,655,853,137,136,0.80400512332008
1306,186,3543,158,178,207,202,0.798767123903547
1307,186,4542,627,144,208,203,0.6810814426058814
1308,189,12777,84,125,298,532,0.9213722319830031
1309,189,2482,643,117,199,472,0.8139443397521973
1310,189,5093,135,856,287,288,0.763940243493943
1311,189,22361,617,781,258,422,0.7619551249912807
1312,19,27732,125,766,317,276,0.9096714996156238
1313,19,3482,609,788,276,210,0.8152873175484793
1314,19,36636,620,205,261,170,0.7301374276479085
1315,19,28762,101,169,211,203,0.5901778311956496
1316,191,4542,639,152,202,198,0.8605749266488211
1317,191,16550,580,568,285,488,0.8068507058279855
1318,191,10220,92,788,225,221,0.7883232548123313
1319,191,3543,122,181,203,199,0.6505073252178374
1320,196,12777,534,520,284,518,0.9253336702074323
1321,196,22361,81,119,262,389,0.8654430934361049
1322,196,2482,88,661,215,494,0.720167046501523
1323,196,3742,491,127,312,301,0.4811206318083263
1324,197,12777,118,175,290,519,0.9167815390087309
1325,197,2482,637,61,199,486,0.8217556135995047
1326,197,22361,600,733,265,405,0.7814167794727144
1327,197,3742,122,825,322,323,0.736089547475179
1328,198,12777,118,199,295,525,0.9018083981105259
1329,198,2482,630,98,197,471,0.7944638388497488
1330,198,22361,609,736,271,418,0.7359224841708228
1331,198,3742,122,836,331,334,0.6635199274335588
1332,199,27776,176,809,175,201,0.8588004112243652
1333,199,30307,39,118,402,399,0.8459846178690592
1334,199,29666,631,165,222,213,0.8104927766890753
1335,199,3482,563,814,264,220,0.7013278348105294
1336,200,27776,640,295,175,195,0.9070470787229992
1337,200,3482,175,273,263,221,0.8341079098837716
1338,200,29666,127,880,229,228,0.7694439660935175
1339,200,30307,560,734,411,406,0.6659412951696486
1340,202,20876,545,293,329,234,0.9196710586547852
1341,202,3482,142,290,213,255,0.8074132033756801
1342,202,22346,689,867,213,208,0.8015240941728864
1343,202,16261,109,835,248,242,0.7753469830467588
1344,203,20876,83,724,333,243,0.9142044612339565
1345,203,3482,622,720,211,270,0.8350488685426257
1346,203,16261,601,187,237,227,0.8069516363598052
1347,203,22346,82,197,202,195,0.7072628112066359
1348,204,20876,115,768,330,231,0.9251414594196138
1349,204,3482,648,751,212,269,0.8224212555658249
1350,204,22346,98,204,205,197,0.7145144825889951
1351,204,16261,630,193,243,232,0.7120524701618013
1352,205,16547,593,121,229,225,0.8792327699207124
1353,205,6562,166,674,217,363,0.8620119662511916
1354,205,23202,622,848,139,139,0.8301074731917608
1355,205,3543,112,163,203,199,0.7230478808993385
1356,210,29666,162,749,228,225,0.8977112883613223
1357,210,3350,418,243,185,184,0.8253301892961774
1358,210,31862,595,875,206,206,0.513767231078375
1359,212,16550,479,139,449,350,0.9165290423801967
1360,212,1899,622,888,207,140,0.8603236221131824
1361,212,21025,137,868,180,176,0.7660533133007231
1362,212,18109,57,125,309,287,0.5310915765308198
1363,213,16550,453,127,434,344,0.8948280130113874
1364,213,21025,103,833,183,180,0.8735278106871105
1365,213,1899,595,856,212,145,0.8572009631565639
1366,213,18109,45,116,299,284,0.552838302793957
1367,214,33207,587,800,214,205,0.9500082901545933
1368,214,1899,142,239,198,129,0.8672074476877848
1369,214,16550,569,56,275,466,0.7968674954913911
1370,214,27925,90,615,271,481,0.6793308825719924
1371,215,33207,615,834,211,200,0.9260593709491548
1372,215,1899,157,249,204,126,0.8213382675534202
1373,215,16550,595,63,286,480,0.8004475207555861
1374,215,27925,127,662,265,479,0.7094845317658923
1375,217,2482,591,70,244,476,0.8252288614000592
1376,217,12080,599,708,236,450,0.7670865740094865
1377,217,3742,119,785,322,320,0.6835144474392846
1378,217,6191,128,124,280,538,0.6561509200504848
1379,219,6191,535,543,274,535,0.8339459555489676
1380,219,2482,90,667,259,471,0.8035154002053396
1381,219,12080,109,114,227,424,0.7722948278699602
1382,219,3742,495,165,312,300,0.5659307752336774
1383,222,3350,406,202,183,185,0.8927638757796514
1384,222,16261,169,767,246,240,0.8417029607863653
1385,222,41767,602,739,274,301,0.8142662048339844
1386,224,34596,104,80,364,486,0.8361205032893589
1387,224,29666,619,173,224,216,0.7695884931655157
1388,224,3482,601,845,278,187,0.7448617617289225
1389,224,25468,85,828,345,301,0.7281162057604108
1390,224,31884,105,81,365,487,0.42290831747509183
1391,225,3482,125,271,272,189,0.8422053995586577
1392,225,34596,528,663,372,506,0.8252070063636416
1393,225,29666,138,872,231,226,0.7528183573768252
1394,225,25468,574,189,329,285,0.7089352040063767
1395,225,31884,528,667,372,504,0.30558167752765475
1396,226,20237,644,189,226,215,0.8778628848847888
1397,226,22346,108,228,207,199,0.7827384698958624
1398,226,3482,600,867,260,230,0.7519517626081194
1399,226,19860,126,865,220,168,0.7482616674332392
1400,229,5885,99,68,240,476,0.8365221250624884
1401,229,2482,52,681,279,456,0.7796821707770938
1402,229,23222,493,657,407,451,0.6780602250780378
1403,229,3742,534,151,316,303,0.6703232583545503
1404,23,25366,21,90,418,437,0.8775698570978073
1405,23,16261,594,177,236,228,0.8470340002150762
1406,23,3482,558,811,288,174,0.7655914624532063
1407,23,27652,62,810,225,211,0.7389216763632638
1408,231,23222,52,138,394,441,0.9326180389949253
1409,231,5885,612,696,238,507,0.8167736303238641
1410,231,2482,599,113,283,444,0.8097906907399495
1411,231,3742,74,811,333,329,0.6492950802757627
1412,232,27732,115,772,324,267,0.8982954138801211
1413,232,29666,676,188,229,215,0.811517976579212
1414,232,3482,597,799,279,206,0.8041861511412121
1415,232,22346,128,232,206,199,0.7960817927405948
1416,234,27732,80,732,329,270,0.8882430053892589
1417,234,29666,647,184,222,213,0.8383944488707042
1418,234,3482,569,766,279,206,0.8148821194966633
1419,234,22346,110,224,202,193,0.797613915942964
1420,236,28762,614,834,222,213,0.9266687574840727
1421,236,35205,103,686,205,418,0.8926081657409668
1422,236,3482,130,288,278,173,0.8112227349054245
1423,236,27652,669,254,222,199,0.7617178985050747
1424,237,35205,650,142,200,399,0.9516172749655587
1425,237,28762,144,223,208,199,0.9367724259694417
1426,237,3482,558,811,288,174,0.7646310897100539
1427,237,27652,62,811,225,210,0.7392225946698869
1428,238,18356,66,261,304,295,0.8922778992425827
1429,238,3350,402,834,188,188,0.8046852974664597
1430,238,16261,626,241,242,233,0.7430505184900192
1431,24,25366,34,106,426,442,0.857159864334833
1432,24,16261,623,181,241,233,0.7958486534300304
1433,24,3482,585,845,286,166,0.7287635122026715
1434,24,27652,94,852,223,206,0.7146841571444557
1435,241,18146,518,259,308,380,0.9368813037872314
1436,241,3350,410,913,190,190,0.799370493207659
1437,241,20237,129,327,226,219,0.7810305413745698
1438,243,18146,143,650,313,401,0.920431443623134
1439,243,20237,622,770,229,224,0.9012856369926816
1440,243,3350,378,184,184,184,0.8186742237636021
1441,244,16550,579,7,285,478,0.8244540010179792
1442,244,6562,198,715,216,358,0.8137700671241397
1443,244,3543,128,169,207,201,0.7744631880805606
1444,244,23202,650,880,137,135,0.7592218262808663
1445,247,2482,627,99,199,470,0.7992877846672422
1446,247,22361,608,735,271,419,0.7305191244397844
1447,247,3742,122,836,331,334,0.679611705598377
1448,247,6191,54,119,341,520,0.6607064746675037
1449,248,2482,634,61,203,485,0.8298927829379127
1450,248,22361,600,733,264,405,0.7775287401108515
1451,248,3742,121,825,322,323,0.7503369308653332
1452,248,6191,51,105,339,504,0.49723602476574125
1453,249,22361,81,121,262,387,0.8747619106656028
1454,249,2482,86,661,219,493,0.7120289121355329
1455,249,6191,556,595,339,499,0.6713459037599109
1456,249,3742,490,127,314,302,0.5075814042772565
1457,249,22361,557,595,337,495,0.15152778937703087
1458,250,29666,128,206,227,223,0.8612299533117385
1459,250,18356,540,230,248,352,0.8222777502877371
1460,250,3350,377,849,190,191,0.6681223142714727
1461,251,3350,369,178,182,187,0.8824101516178676
1462,251,29666,586,795,232,231,0.8356332778930664
1463,251,18356,140,597,247,369,0.7905246530260358
1464,251,41767,0,1205,174,75,0.05796652464639573
1465,252,3350,411,238,184,183,0.9029566674005417
1466,252,18356,183,692,243,369,0.824515422185262
1467,252,29666,625,885,227,225,0.8211375418163481
1468,253,35205,62,258,417,219,0.9600685891650972
1469,253,33879,454,252,433,291,0.7893782002585275
1470,253,3350,445,849,189,190,0.7665521190280006
1471,256,25437,543,179,246,251,0.8579178083510626
1472,256,19551,495,656,317,498,0.8007972581045968
1473,256,5885,110,88,233,473,0.7386122431073869
1474,256,2482,64,668,209,485,0.6732240177336193
1475,259,41767,111,283,268,287,0.9580485026041666
1476,259,20237,605,279,224,220,0.8795515128544399
1477,259,3350,384,894,190,191,0.7770308426448277
1478,262,34596,77,34,332,493,0.7893440269288562
1479,262,29666,603,176,219,213,0.7850050358545212
1480,262,3482,557,811,288,175,0.7589706920442126
1481,262,27652,60,810,225,211,0.7367713110787527
1482,262,31884,77,35,332,493,0.408130373273577
1483,264,3482,132,287,278,174,0.8123863878704253
1484,264,34596,562,680,355,516,0.7647106761024112
1485,264,27652,671,254,221,201,0.7624290103004092
1486,264,29666,125,864,229,227,0.7340126945858909
1487,264,31884,563,678,354,518,0.4016699365207127
1488,265,25366,596,668,378,489,0.9032620702471051
1489,265,16231,142,846,196,192,0.8253419966924758
1490,265,3482,132,287,277,174,0.8087498801095144
1491,265,27652,670,254,222,200,0.7686308452061245
1492,266,25366,19,106,388,476,0.8811435245332263
1493,266,16231,648,230,192,183,0.8121779419126964
1494,266,3482,585,845,286,166,0.731093372617449
1495,266,27652,95,852,222,207,0.7070502780732654
1496,27,23222,74,104,298,509,0.9406242484138125
1497,27,2482,603,81,199,471,0.7786809262775239
1498,27,13394,599,711,235,518,0.7647804986862909
1499,27,25437,124,821,259,269,0.7625714370182582
1500,271,35205,633,163,214,394,0.9287908531370617
1501,271,20876,84,725,333,242,0.913121813819522
1502,271,22346,103,187,203,195,0.8451689992632184
1503,271,3482,624,718,210,270,0.8322264466966901
1504,273,20876,543,293,330,234,0.9171640305292038
1505,273,35205,96,671,234,410,0.9126206239064534
1506,273,3482,140,292,213,255,0.804931776864188
1507,273,22346,665,875,215,210,0.702533551624843
1508,274,20013,576,258,344,316,0.9336162748790923
1509,274,21324,206,326,149,232,0.6898222083137149
1510,274,3350,419,890,191,191,0.6859975769406274
1511,275,20013,3,646,352,341,0.9525213922773088
1512,275,3350,328,150,184,188,0.8409115814027331
1513,275,21324,581,663,155,244,0.7120522998628162
1514,277,36636,619,199,265,151,0.8523757684798468
1515,277,30307,78,96,398,405,0.8482350621904645
1516,277,3482,600,867,260,230,0.7460112231118338
1517,277,19860,126,865,219,168,0.7346819695972261
1518,278,3482,151,219,246,221,0.8543577648344494
1519,278,30307,521,748,408,414,0.7926489057995024
1520,278,36636,96,907,273,166,0.7730016254243396
1521,278,19860,638,278,219,169,0.5701014541444324
1522,28,35205,615,142,224,399,0.9183838253929502
1523,28,25366,19,63,416,456,0.8732148011525471
1524,28,27776,178,811,175,199,0.8447066942850748
1525,28,3482,566,812,263,220,0.7266725244976225
1526,280,3831,431,273,392,354,0.8983424731663295
1527,280,3350,409,866,189,192,0.8572804360162644
1528,280,16231,134,290,188,193,0.2407950446719215
1529,280,31862,134,290,188,193,0.11614470396723066
1530,286,27776,145,775,178,207,0.9066461949121384
1531,286,30307,31,115,373,408,0.7966672238849458
1532,286,16261,576,187,237,228,0.7895494075048537
1533,286,3482,538,779,266,227,0.7748897870381672
1534,287,27776,639,292,175,196,0.9123650051298595
1535,287,3482,173,273,261,219,0.8457302479516892
1536,287,16261,136,834,250,242,0.8041489691961379
1537,287,30307,574,702,391,425,0.6473742780231294
1538,288,27776,177,811,175,199,0.8487474918365479
1539,288,30307,43,130,387,419,0.8212363719940186
1540,288,16261,604,192,243,233,0.7554079805101667
1541,288,3482,566,815,263,219,0.725460960751488
1542,289,22361,586,743,255,408,0.8538304624103364
1543,289,2482,599,84,250,472,0.8098681200118292
1544,289,25437,144,844,254,253,0.8000643480391729
1545,289,6191,95,48,275,539,0.618366173335484
1546,29,35205,583,133,220,391,0.9219201973506382
1547,29,27776,145,775,179,206,0.905854929061163
1548,29,25366,9,49,400,450,0.808709632782709
1549,29,3482,538,778,266,226,0.7831394104730515
1550,291,22361,101,108,252,390,0.8498827616373698
1551,291,25437,536,173,245,254,0.8405999342600504
1552,291,6191,570,612,275,541,0.8134774367014567
1553,291,2482,78,657,258,472,0.7640559332711355
1554,292,12777,541,593,329,505,0.9686197553362165
1555,292,25437,546,177,247,251,0.8497351124173118
1556,292,5885,113,83,230,477,0.7755640574863979
1557,292,2482,69,663,204,485,0.5407710870107014
1558,295,20013,123,194,340,312,0.9198524838402158
1559,295,16231,643,296,192,192,0.8639351526896158
1560,295,3350,412,864,190,190,0.7453275862194243
1561,298,33207,156,235,205,196,0.9757152057829357
1562,298,16547,160,776,239,234,0.8417611462729317
1563,298,1899,681,878,212,133,0.823148318699428
1564,298,31704,567,176,253,420,0.7651654311588832
1565,299,33207,611,847,213,205,0.9740386690412248
1566,299,1899,88,260,200,126,0.787226983479091
1567,299,16547,561,244,231,228,0.7785855020795549
1568,299,31704,139,645,250,452,0.7692352363041469
1569,3,16550,528,63,386,396,0.872944536663237
1570,3,1899,142,241,198,128,0.8352975050608317
1571,3,24849,139,702,183,297,0.5233736265273321
1572,3,27925,569,630,260,486,0.5078425293877011
1573,302,19231,95,635,281,325,0.9458651996794201
1574,302,3350,308,159,187,190,0.8965684686388288
1575,302,36636,568,712,237,228,0.7359171481359572
1576,302,41767,744,1175,232,105,0.05486625645841871
1577,304,4377,595,704,233,465,0.8906979787917364
1578,304,22626,106,145,306,486,0.8056256884620303
1579,304,3742,130,812,334,330,0.7195283685411725
1580,304,2482,623,72,192,465,0.6960013934544155
1581,308,3350,288,205,186,189,0.8543028150285993
1582,308,36636,117,711,191,262,0.8169799191611153
1583,308,41767,558,602,280,301,0.8056094532921201
1584,31,12419,654,847,188,181,0.8694491499946231
1585,31,6562,197,714,216,359,0.7956869829268682
1586,31,16550,590,49,287,480,0.7742037659599668
1587,31,3543,112,240,207,201,0.7441461653936476
1588,310,12246,618,321,175,184,0.964235124133882
1589,310,16550,104,146,314,449,0.8352619125729515
1590,310,3543,654,889,215,214,0.7698075544266474
1591,310,4542,139,866,213,212,0.6783467247372582
1592,313,20876,38,753,328,254,0.9361991995856875
1593,313,34596,18,23,446,407,0.8560187476021902
1594,313,3482,620,722,210,271,0.8302929855528332
1595,313,29666,595,181,219,215,0.7804325081053234
1596,315,20876,592,258,325,243,0.9286566007704962
1597,315,34596,506,783,466,424,0.905713297071911
1598,315,3482,143,288,214,255,0.8361602964855376
1599,315,29666,132,859,231,226,0.7386776379176548
1600,316,16547,167,791,234,228,0.907786346617199
1601,316,3543,127,235,206,201,0.7937247980208624
1602,316,10220,633,200,223,215,0.7890085946945917
1603,316,33008,561,810,374,209,0.7877773330325172
1604,317,33008,74,267,362,221,0.8910675275893438
1605,317,10220,125,845,229,226,0.8622915971846807
1606,317,3543,659,832,213,212,0.8299916131155831
1607,317,16547,592,282,229,224,0.5090653896331787
1608,32,12419,164,278,182,177,0.9786673954554966
1609,32,16550,104,709,296,493,0.8691166696094331
1610,32,6562,582,230,214,339,0.8281524976094563
1611,32,3543,673,827,214,212,0.7530675047919864
1612,320,35205,632,163,215,394,0.9257729848225911
1613,320,20876,84,724,333,242,0.915903818039667
1614,320,3482,624,718,210,270,0.8388503960200718
1615,320,28762,136,195,207,200,0.8039156595865885
1616,323,36636,150,802,195,253,0.8720144203730992
1617,323,22346,655,875,215,209,0.8097334702809651
1618,323,3482,131,287,277,173,0.809426364444551
1619,323,27652,670,254,221,198,0.7600465274992443
1620,324,36636,643,208,189,247,0.8028277329036168
1621,324,22346,131,193,205,199,0.7616724854423886
1622,324,3482,586,845,285,166,0.7298311165400914
1623,324,27652,95,853,222,206,0.7161945956093924
1624,325,27776,639,292,175,196,0.9125232696533203
1625,325,31884,509,703,402,525,0.8898655005863735
1626,325,3482,173,272,262,221,0.8425996984754289
1627,325,16261,136,835,251,241,0.8277739797319684
1628,327,31884,93,27,405,509,0.8769471304757254
1629,327,27776,177,811,175,200,0.8559646492912656
1630,327,16261,602,192,244,233,0.7987233002980549
1631,327,3482,566,815,263,219,0.735112882795788
1632,328,31884,518,644,381,533,0.9038837183089483
1633,328,27732,560,256,301,266,0.8973811353955949
1634,328,36636,100,881,268,178,0.8815497443789527
1635,328,3482,120,307,274,199,0.8241682960873558
1636,332,12419,83,822,189,185,0.9685391471499488
1637,332,16550,564,538,287,488,0.8308195500146774
1638,332,4542,588,166,202,199,0.7126830305371965
1639,332,3543,125,141,201,198,0.6405486379350934
1640,334,20876,84,724,333,242,0.9115747043064663
1641,334,3482,624,718,210,270,0.8387030306316557
1642,334,16231,627,221,187,183,0.8263626552763439
1643,334,22346,146,223,201,195,0.5488962218874976
1644,335,20876,542,294,331,232,0.9183727559589204
1645,335,16231,134,847,196,191,0.8664287839617048
1646,335,3482,140,291,213,255,0.8122840381803966
1647,335,22346,621,839,214,207,0.7572806449163527
1648,336,20876,117,768,330,230,0.9282260849362327
1649,336,3482,650,750,212,268,0.826207229069301
1650,336,16231,656,231,192,180,0.8188235192071823
1651,336,22346,164,232,205,198,0.6411791415441603
1652,337,36636,131,829,180,261,0.8615073135920933
1653,337,3482,124,270,273,189,0.8389210133325485
1654,337,22346,641,835,214,207,0.8212756542932419
1655,337,25468,574,187,328,285,0.6963807060605003
1656,338,3482,574,811,280,193,0.7836020560491652
1657,338,22346,126,225,203,196,0.7661355109441847
1658,338,36636,645,169,170,248,0.7494653406597319
1659,338,25468,49,788,353,300,0.7156753540039062
1660,339,22346,144,235,207,198,0.7803801695505778
1661,339,36636,675,172,174,254,0.7752855618794758
1662,339,3482,601,846,279,187,0.7488588492075602
1663,339,25468,87,830,344,302,0.7125910690852574
1664,340,27776,145,775,179,207,0.9104623681023007
1665,340,34596,38,84,389,466,0.8996297064281645
1666,340,20237,576,190,221,214,0.8565440632048107
1667,340,3482,539,780,266,226,0.7706852753957112
1668,340,31884,42,86,388,466,0.17647225374267217
1669,341,34596,51,114,399,462,0.8988245328267415
1670,341,27776,178,812,175,199,0.8473355429513113
1671,341,20237,604,195,226,217,0.8148618539174397
1672,341,3482,567,815,263,220,0.7278329985482351
1673,341,31884,51,115,400,463,0.15458079746791295
1674,344,27776,177,812,175,199,0.8566355137597946
1675,344,16261,604,193,243,232,0.787179186230614
1676,344,3482,566,815,263,219,0.7314846629188174
1677,344,28762,155,193,210,202,0.34124326138269334
1678,345,27776,145,776,178,206,0.9096976121266682
1679,345,16261,576,187,237,228,0.8135638350532168
1680,345,3482,538,779,267,227,0.77818268821353
1681,345,28762,138,186,206,198,0.29534674826122465
1682,346,27776,179,810,175,200,0.8440555844988141
1683,346,16231,644,250,186,183,0.819478602636428
1684,346,25366,140,55,338,500,0.8007476443336123
1685,346,3482,567,812,264,219,0.7325641314188639
1686,347,27776,146,775,179,206,0.9087397371019635
1687,347,16231,614,240,184,182,0.7985635598500569
1688,347,3482,539,777,267,226,0.7776385261898948
1689,347,25366,124,42,327,489,0.7746548312050955
1690,349,35205,613,140,226,401,0.9120564801352364
1691,349,34596,8,128,435,428,0.8882709911891392
1692,349,27776,179,811,175,199,0.8517874990190778
1693,349,3482,567,811,263,220,0.6979881581806001
1694,352,2482,643,118,200,470,0.8204122952052525
1695,352,5093,136,856,289,288,0.7591681253342402
1696,352,22361,617,781,260,421,0.75478196144104
1697,352,19551,109,169,331,491,0.63230452083406
1698,355,23222,540,591,302,505,0.881216185433524
1699,355,2482,54,699,251,478,0.8009479159400577
1700,355,12080,72,131,223,427,0.7791867142631894
1701,355,5093,550,189,270,270,0.7721990630740211
1702,356,23222,97,111,300,498,0.9296396800449916
1703,356,2482,631,31,238,479,0.8574102038428897
1704,356,5093,105,799,279,276,0.811555612654913
1705,356,12080,643,689,233,446,0.8001588639758882
1706,359,31884,82,46,365,529,0.8548309689476377
1707,359,27776,176,809,175,200,0.8513029984065464
1708,359,29666,631,164,222,214,0.8130320480891636
1709,359,3482,563,814,264,219,0.7230995950244722
1710,361,18146,209,169,212,410,0.8769411132449195
1711,361,16261,644,289,242,233,0.8130222842806861
1712,361,3350,429,881,189,190,0.782004538036528
1713,364,35205,100,255,352,324,0.9505860010782877
1714,364,3350,406,855,191,193,0.8182862826756069
1715,364,32309,586,164,246,345,0.6193866616203672
1716,372,34596,16,141,450,414,0.872656504313151
1717,372,16261,573,194,244,233,0.7710082758040655
1718,372,3482,602,845,278,187,0.7461858363378615
1719,372,25468,50,857,374,220,0.7432073638552711
1720,374,20876,71,797,325,243,0.9211061114356631
1721,374,25366,101,35,407,463,0.8471782434554327
1722,374,3482,645,754,213,268,0.8194901262010846
1723,374,29666,624,186,224,216,0.7651498771849132
1724,379,31862,136,314,209,207,0.9669466245742071
1725,379,16687,446,157,496,473,0.8521336033230735
1726,379,3350,464,859,190,192,0.6405735583532424
1727,38,35205,625,162,214,394,0.9394095057532901
1728,38,31884,114,30,396,500,0.927856309073312
1729,38,20876,84,724,333,243,0.9134763195401145
1730,38,3482,624,718,210,270,0.8389893599918911
1731,380,31862,596,714,211,214,0.940340416772025
1732,380,3350,284,179,187,191,0.8749311878567649
1733,380,16687,0,551,497,519,0.7122263454255603
1734,382,12777,92,131,386,454,0.926718200956072
1735,382,2482,599,112,283,445,0.8101096039726621
1736,382,5885,612,698,238,507,0.8066101868947346
1737,382,3742,73,811,334,330,0.6498814196813674
1738,384,12777,88,90,389,460,0.9416171482631138
1739,384,2482,609,77,276,457,0.844607637042091
1740,384,5885,600,696,243,492,0.8381058488573346
1741,384,3742,72,799,327,321,0.6390080565497989
1742,387,31884,499,654,416,511,0.9236154102143787
1743,387,20237,134,869,229,226,0.8544951961154029
1744,387,3482,130,287,278,174,0.8105558440798805
1745,387,27652,669,253,221,200,0.7645541713351295
1746,389,20876,83,724,334,243,0.9067570027850923
1747,389,34596,29,125,440,421,0.864563158580235
1748,389,3482,623,719,211,270,0.8324104263668968
1749,389,16261,600,186,239,228,0.7817807651701427
1750,390,20876,116,767,331,231,0.9225510415576753
1751,390,34596,43,155,451,419,0.8852584021432058
1752,390,3482,649,750,212,269,0.8204683803376697
1753,390,16261,630,192,242,232,0.6977148283095587
1754,392,33207,657,899,219,211,0.9620374724978492
1755,392,21025,685,275,178,172,0.9004461197626022
1756,392,1899,187,274,202,136,0.8362251236325218
1757,392,16550,111,702,294,495,0.7773806367601667
1758,393,33207,109,160,206,196,0.9650169100080217
1759,393,1899,581,866,212,143,0.8676389285496303
1760,393,16550,557,47,278,468,0.85129181543986
1761,393,21025,91,830,182,182,0.8299904210226876
1762,394,20237,139,849,230,226,0.8715407053629557
1763,394,3482,124,271,272,189,0.8386731715429396
1764,394,25468,571,230,377,219,0.6850800060090564
1765,394,28762,605,855,222,215,0.5783469904036749
1766,395,28762,172,209,212,202,0.8945155711401076
1767,395,20237,618,195,226,217,0.8417545046125139
1768,395,3482,601,846,279,187,0.7445615246182395
1769,395,25468,50,857,374,221,0.7347158023289272
1770,396,20237,590,190,220,213,0.8818317027319045
1771,396,28762,154,200,209,199,0.8454124132792155
1772,396,25468,11,812,386,221,0.7919440950666154
1773,396,3482,574,810,281,193,0.7790960584368024
1774,4,29344,117,155,274,412,0.9695080348423548
1775,4,24849,601,252,292,166,0.9602899778456915
1776,4,16550,128,649,297,493,0.8393300714946929
1777,4,1899,684,807,130,209,0.7549707662491572
1778,40,31884,614,611,335,556,0.9274180162520635
1779,40,3482,160,213,244,222,0.8423509484245664
1780,40,29666,120,839,229,226,0.7669663996923537
1781,40,19860,645,278,220,170,0.5988635903313047
1782,400,33207,614,770,213,205,0.9481103079659597
1783,400,16547,604,124,230,225,0.9136853899274553
1784,400,1899,134,246,193,154,0.9099620296841575
1785,400,33008,13,775,366,238,0.8553705328986758
1786,401,33207,152,295,207,196,0.970215570359003
1787,401,16547,111,898,242,239,0.8770417031787691
1788,401,1899,642,858,206,166,0.8659140268961588
1789,401,33008,584,241,358,237,0.8464431762695312
1790,404,18146,16,589,290,418,0.9476761590866815
1791,404,3350,356,144,187,190,0.8898964382353283
1792,404,35205,434,699,420,234,0.8359246026901971
1793,409,1899,135,244,188,164,0.897706009092785
1794,409,33008,515,791,387,209,0.8395402204422723
1795,409,16550,6,729,472,317,0.8122385115850539
1796,41,31884,56,93,324,542,0.8889914694286528
1797,41,29666,637,205,225,216,0.7821438993726457
1798,41,3482,592,873,258,230,0.7677598226638067
1799,41,19860,118,864,221,169,0.7468270120166597
1800,411,33008,84,255,369,211,0.8800672917138962
1801,411,1899,645,853,201,176,0.8579071930476597
1802,411,16550,498,201,453,305,0.798095010575794
1803,412,12080,649,693,244,467,0.8243333725702194
1804,412,5093,106,808,285,289,0.8127690496898833
1805,412,2482,624,73,225,462,0.769397701535906
1806,412,19551,115,190,308,496,0.7029653730846587
1807,413,2482,628,32,242,478,0.8678078651428223
1808,413,5093,105,798,278,278,0.8000374975658598
1809,413,12080,642,689,234,447,0.7725092342921666
1810,413,19551,112,160,310,495,0.6692580949692499
1811,414,2482,51,700,257,477,0.802926052184332
1812,414,12080,72,131,224,426,0.7679869447435651
1813,414,5093,550,189,269,269,0.7679719016665504
1814,414,19551,518,551,308,493,0.7605472065153576
1815,415,31884,99,93,326,541,0.8911474545796711
1816,415,16261,638,177,244,231,0.7925455910818917
1817,415,3482,600,867,260,230,0.7479982716696603
1818,415,19860,126,865,220,168,0.7315370582398913
1819,416,31884,78,74,321,532,0.8921241760253906
1820,416,16261,609,172,239,228,0.8134508700597853
1821,416,3482,573,836,262,231,0.790844304221017
1822,416,19860,90,827,226,177,0.7596556913285029
1823,417,31884,569,611,333,555,0.9282556601933071
1824,417,3482,151,219,246,221,0.8501007443382627
1825,417,16261,99,850,249,242,0.710360776810419
1826,417,19860,638,278,219,169,0.5718661489940825
1827,419,25366,537,736,438,443,0.8970376423427037
1828,419,27732,564,261,302,266,0.8849792253403436
1829,419,20237,113,854,232,227,0.8714612325032551
1830,419,3482,121,306,273,200,0.820102123987107
1831,42,31884,39,72,315,534,0.8930999324435279
1832,42,3482,566,840,260,232,0.8019755567823137
1833,42,19860,83,827,227,177,0.7818912324451265
1834,42,29666,609,199,219,216,0.7694453852517263
1835,420,27732,86,726,322,282,0.8747421559833345
1836,420,20237,614,186,221,213,0.8636267412276495
1837,420,25366,5,75,430,419,0.8559463137672061
1838,420,3482,579,758,276,211,0.8156945591881162
1839,422,3482,153,218,245,221,0.8573543457757858
1840,422,34596,559,698,352,515,0.7819188776470366
1841,422,36636,95,906,274,166,0.7774244035993303
1842,422,19860,639,278,220,169,0.5898219630831764
1843,422,31884,561,696,348,520,0.4108777131353106
1844,423,36636,591,195,259,154,0.9033953008197603
1845,423,34596,82,18,329,487,0.7939574832007998
1846,423,3482,571,836,262,232,0.7843658469972156
1847,423,19860,89,827,226,177,0.7589485531761533
1848,423,31884,84,18,327,490,0.32495679174150743
1849,429,27732,129,772,316,279,0.9034877164023263
1850,429,34596,76,156,482,350,0.8965710231236049
1851,429,3482,608,789,276,209,0.8140802383422852
1852,429,29666,667,179,227,214,0.8049773034595308
1853,430,33877,615,792,172,218,0.9361953394753592
1854,430,16550,71,611,406,405,0.8822324162437802
1855,430,4542,611,153,203,199,0.7370786439804804
1856,430,3543,181,198,203,199,0.37348733061835876
1857,431,33877,645,831,163,211,0.976465656643822
1858,431,16550,104,662,403,399,0.8191344851539248
1859,431,4542,640,154,208,201,0.7648647399175734
1860,431,3543,200,206,208,202,0.4781107107798258
1861,432,16550,494,228,395,386,0.9276959441957019
1862,432,4542,132,905,213,211,0.8020707539149693
1863,432,3543,583,857,215,213,0.8019870803469703
1864,432,33877,195,254,162,217,0.6951409294491722
1865,433,27732,86,726,322,282,0.8672973655519031
1866,433,3482,579,758,276,211,0.8202814488183884
1867,433,16231,619,178,187,183,0.7809246721721831
1868,433,30307,92,105,349,424,0.6587776115962437
1869,434,27732,565,261,301,266,0.8850111280168805
1870,434,16231,141,892,197,192,0.8623215698060535
1871,434,3482,121,306,273,199,0.8351079622904459
1872,434,30307,536,693,362,444,0.6706353028615315
1873,435,27732,122,765,318,277,0.8992847942170642
1874,435,3482,607,791,276,210,0.8058719975607735
1875,435,16231,648,185,192,179,0.7988261608850388
1876,435,30307,107,121,363,437,0.6520892892565046
1877,436,31884,42,136,444,478,0.9160270009722028
1878,436,20237,617,195,226,218,0.8507253442491803
1879,436,25468,50,857,375,220,0.7492043858482724
1880,436,3482,601,845,279,187,0.7406222820281982
1881,44,13899,579,672,179,265,0.9222622144789923
1882,44,3350,370,154,183,188,0.8413509527842203
1883,44,29666,92,723,231,232,0.8381315640040806
1884,443,4377,76,103,222,437,0.9246770540873209
1885,443,25437,566,185,247,255,0.8398274580637614
1886,443,2482,85,674,242,471,0.7834139892033168
1887,443,22626,532,684,343,475,0.7010270868028913
1888,444,2482,600,105,249,455,0.8461814267294747
1889,444,22626,75,75,337,479,0.8111336117699033
1890,444,4377,652,707,221,467,0.8032239051092238
1891,444,25437,112,842,258,266,0.8007154010591052
1892,449,34596,46,130,380,478,0.914552438826788
1893,449,16261,622,181,243,232,0.7573082901182628
1894,449,3482,585,845,286,166,0.7258225622631255
1895,449,27652,96,852,221,206,0.7103926794869558
1896,449,31884,47,131,384,481,0.28046611944834393
1897,452,1899,643,844,187,190,0.8553214867909749
1898,452,44198,174,234,200,259,0.8248216197604225
1899,452,16550,136,639,310,482,0.7959655353001186
1900,452,29450,511,242,411,221,0.7718213399251301
1901,454,6191,495,589,299,527,0.8303896018436977
1902,454,5885,127,84,233,476,0.7754230499267578
1903,454,5093,561,196,270,265,0.7733257043929327
1904,454,2482,102,704,233,484,0.7366381940387544
1905,455,2482,602,23,220,482,0.8592115129743303
1906,455,5885,585,681,235,489,0.7653169404892695
1907,455,6191,141,88,300,525,0.7639405273255847
1908,455,5093,96,794,277,275,0.6538157236008417
1909,456,6191,141,119,298,524,0.8109685352870396
1910,456,2482,596,62,208,471,0.7871452967325846
1911,456,5885,591,681,244,507,0.7056386130196707
1912,456,5093,97,804,282,286,0.6907871223631359
1913,457,2482,639,65,216,483,0.8437278724852062
1914,457,5093,132,831,281,277,0.8366147677103678
1915,457,13394,632,675,231,495,0.7784587428683326
1916,457,6191,109,156,282,535,0.6215518996829078
1917,458,2482,625,99,226,472,0.8517196064903623
1918,458,13394,640,674,243,516,0.8050203323364258
1919,458,5093,133,844,288,285,0.7771883124396914
1920,458,6191,110,174,282,543,0.7017328625633603
1921,459,6191,549,516,273,531,0.8345593157268706
1922,459,5093,522,161,271,266,0.8082588513692219
1923,459,13394,79,84,232,482,0.7458452951340449
1924,459,2482,80,659,217,490,0.6915309315636045
1925,46,23222,103,114,309,497,0.9441640831175304
1926,46,2482,593,71,242,475,0.8282216957637242
1927,46,12080,600,709,236,449,0.7464704627082461
1928,46,3742,119,785,323,320,0.6863628682636079
1929,460,23222,509,584,293,507,0.8843878337315151
1930,460,22361,81,121,262,386,0.8755154836745489
1931,460,2482,91,660,207,494,0.6787540231432233
1932,460,3742,490,128,314,301,0.5117229052952358
1933,462,23222,135,149,294,507,0.9376002493358794
1934,462,2482,630,100,200,469,0.7842444238208589
1935,462,22361,608,736,273,417,0.7267380896068755
1936,462,3742,122,836,331,333,0.6794190406799316
1937,463,20237,133,870,230,225,0.8694452331179664
1938,463,3482,129,288,278,173,0.8118934290749685
1939,463,27652,668,254,221,199,0.7603238877795991
1940,463,28762,621,873,223,214,0.6120150429861886
1941,464,20237,595,174,218,212,0.8561831428891136
1942,464,28762,138,184,207,199,0.7842602616264707
1943,464,3482,560,811,288,174,0.7704047929672968
1944,464,27652,63,811,226,211,0.7467441331772577
1945,465,20237,623,176,224,216,0.8350426810128347
1946,465,28762,154,192,212,201,0.8130090577261788
1947,465,3482,587,845,285,166,0.7250471342177618
1948,465,27652,97,853,223,207,0.7123444761548723
1949,468,23222,114,115,305,506,0.9338166032518659
1950,468,25437,155,872,260,266,0.7846361682528541
1951,468,22361,604,746,266,419,0.7811303365798223
1952,468,2482,601,116,201,467,0.6726140635354177
1953,469,28762,150,221,210,201,0.9426464353288923
1954,469,27732,122,766,318,276,0.8982229800451369
1955,469,35205,602,128,254,388,0.8769477549053374
1956,469,3482,608,790,275,210,0.8152268614087785
1957,47,23222,528,591,309,500,0.8984563464210147
1958,47,2482,89,667,257,471,0.7981810115632556
1959,47,12080,108,114,228,424,0.7430694784436906
1960,47,3742,493,164,314,301,0.5724098568870908
1961,472,16547,628,147,236,229,0.9319732302711123
1962,472,6562,190,709,216,358,0.8033147880009243
1963,472,3543,149,189,208,202,0.6568696953001476
1964,472,33877,628,851,227,135,0.16944638320377894
1965,474,6562,588,237,214,337,0.8761656851995558
1966,474,16547,117,880,242,238,0.8578655265626453
1967,474,3543,636,875,214,212,0.8512411798749651
1968,474,33877,149,306,222,149,0.7651459035419282
1969,475,2482,597,82,205,471,0.7623992647443498
1970,475,25437,125,822,259,269,0.7472443580627441
1971,475,13394,600,713,236,517,0.7406846682230631
1972,475,19551,91,126,311,506,0.6478668962206159
1973,477,2482,602,43,216,485,0.8595233304159982
1974,477,25437,124,810,253,256,0.8321113813491094
1975,477,13394,590,714,235,495,0.778813362121582
1976,477,19551,89,109,313,489,0.680071853456043
1977,479,27776,145,775,179,206,0.9077387196677071
1978,479,36636,636,177,181,243,0.841435364314488
1979,479,25366,65,83,371,470,0.8012601875123523
1980,479,3482,538,777,267,227,0.7824777421497163
1981,481,2482,627,99,224,472,0.8525183654966808
1982,481,22626,79,105,303,494,0.8090501739865257
1983,481,5093,134,845,286,284,0.7900177297138032
1984,481,13394,640,674,242,515,0.7879295235588437
1985,482,5093,522,161,271,266,0.8358592078799293
1986,482,22626,554,637,313,490,0.7405605770292736
1987,482,13394,79,83,232,483,0.7236760570889427
1988,482,2482,80,659,217,491,0.650490749449957
1989,484,16687,479,123,420,528,0.8064511844090053
1990,484,3350,420,894,190,192,0.7456349191211519
1991,484,32309,23,327,293,323,0.5126135689871651
1992,485,3350,328,146,184,189,0.8816751979646228
1993,485,32309,626,534,289,342,0.8781976359231131
1994,485,16687,37,515,428,594,0.6472308862776983
1995,486,3350,370,204,183,183,0.9103722799391973
1996,486,32309,665,631,289,344,0.8876811890375046
1997,486,16687,75,622,429,593,0.6842814173017229
1998,487,27732,122,766,318,275,0.897023564293271
1999,487,31884,96,50,409,505,0.8960329918634323
2000,487,3482,607,791,276,210,0.804339363461449
2001,487,16231,648,185,192,180,0.7882577464694068
2002,493,21025,685,275,178,172,0.9087774299439929
2003,493,19606,683,901,164,160,0.8880261012486049
2004,493,1899,186,290,199,155,0.8664605163392566
2005,493,16547,123,884,243,240,0.5228878770555768
2006,494,19606,134,213,155,150,0.9335659231458391
2007,494,1899,587,829,206,162,0.8992161069597516
2008,494,16547,592,138,231,225,0.8839176950000581
2009,494,21025,92,831,181,180,0.8570460478464762
2010,496,3831,495,180,380,364,0.8748353095281691
2011,496,3350,394,871,188,191,0.8377549194154285
2012,496,36636,163,293,187,249,0.7074385597592308
2013,497,3350,354,159,182,185,0.8809349650428409
2014,497,36636,586,669,195,258,0.7865971610659644
2015,497,3831,52,652,387,380,0.7833711873917353
2016,497,29666,55,653,381,382,0.08191779681614468
2017,497,33879,50,654,386,378,0.0516223091454733
2018,499,25366,523,728,440,461,0.8923320543198358
2019,499,3482,124,271,272,189,0.8424299103873116
2020,499,16261,166,833,251,242,0.8126483077094668
2021,499,25468,571,231,378,219,0.6913652874174572
2022,5,24849,96,894,298,163,0.959493773324149
2023,5,29344,613,715,282,441,0.9519860858008975
2024,5,1899,181,265,129,201,0.8061977795192173
2025,5,16550,571,111,281,481,0.7967544169653029
2026,500,16261,546,188,238,228,0.8646990004039946
2027,500,25366,35,64,417,436,0.8549956480662028
2028,500,25468,12,812,384,221,0.8004841918037051
2029,500,3482,574,811,281,193,0.7930539335523332
2030,501,25366,47,79,429,440,0.8573169367653982
2031,501,16261,573,194,244,233,0.8089810893649146
2032,501,25468,50,857,374,220,0.7453390530177525
2033,501,3482,600,845,280,187,0.7451170966738746
2034,502,20237,139,849,230,225,0.8597215584346226
2035,502,3482,124,271,272,189,0.8405881836300804
2036,502,25468,570,231,378,218,0.6932475453331357
2037,502,30307,551,731,409,409,0.67372236933027
2038,503,20237,590,190,220,214,0.8819488684336344
2039,503,30307,39,102,386,395,0.8286210468837193
2040,503,3482,574,811,281,192,0.7938807918911888
2041,503,25468,11,812,385,221,0.7918202309381394
2042,506,3350,351,139,184,190,0.8518657230195544
2043,506,38161,532,633,198,302,0.6348379453023274
2044,506,31862,81,698,211,213,0.18164724111557007
2045,507,3350,393,197,185,183,0.8587579500107537
2046,507,38161,573,730,194,292,0.6613265332721528
2047,507,31862,123,783,208,207,0.10246336460113525
2048,508,18146,538,238,335,355,0.8319969404311407
2049,508,22073,166,260,187,190,0.6923110712142218
2050,508,3350,418,870,191,193,0.6751290389469692
2051,509,22073,588,779,189,193,0.9558310962858654
2052,509,18146,46,605,350,380,0.9513333297911144
2053,509,3350,328,166,185,190,0.891718864440918
2054,511,25366,571,743,395,496,0.8805003052666074
2055,511,3482,153,217,245,222,0.8522677989233107
2056,511,36636,95,906,274,166,0.7675992307208833
2057,511,19860,640,278,219,169,0.5812450249989827
2058,515,35205,612,141,226,400,0.9190607638586135
2059,515,27776,179,811,175,199,0.849986644018264
2060,515,30307,95,185,421,366,0.8461281799134753
2061,515,3482,567,811,263,220,0.6974049409230549
2062,516,35205,139,707,243,408,0.9378957748413086
2063,516,27776,638,293,175,196,0.912097862788609
2064,516,3482,171,275,262,219,0.8535278411138625
2065,516,30307,481,702,435,372,0.7668974853697277
2066,517,31884,30,16,378,526,0.8840466680980864
2067,517,36636,643,208,189,247,0.7988057817731584
2068,517,3482,585,845,287,166,0.7337121168772379
2069,517,27652,95,852,222,207,0.712525106611706
2070,518,31884,19,1,361,516,0.8978873207455589
2071,518,36636,614,203,185,241,0.8218059085664294
2072,518,3482,558,811,288,174,0.7668567839122954
2073,518,27652,62,811,225,210,0.7386305786314464
2074,519,31884,598,699,376,538,0.8957953680129278
2075,519,36636,150,802,196,253,0.8767479941958473
2076,519,3482,131,287,277,174,0.8131506897154308
2077,519,27652,670,253,221,200,0.7632811864217122
2078,520,27776,639,294,176,195,0.8980257738204229
2079,520,3482,174,273,263,221,0.834862504686628
2080,520,29666,127,880,229,228,0.80277266956511
2081,520,28762,613,906,223,215,0.7026852880205426
2082,521,27776,144,774,178,206,0.9074690228416806
2083,521,28762,147,155,207,197,0.8219573043641589
2084,521,29666,601,161,218,213,0.8121252059936523
2085,521,3482,536,778,267,227,0.7856338932400657
2086,522,27776,176,810,175,199,0.8462645894005185
2087,522,28762,164,158,211,204,0.8363032908666701
2088,522,29666,631,164,222,214,0.8036197367168608
2089,522,3482,563,814,265,220,0.7175723143986293
2090,525,16231,140,892,198,193,0.8914965107327415
2091,525,27732,565,261,301,265,0.8843464510781424
2092,525,3482,120,305,274,200,0.8345657870883033
2093,525,28762,636,864,221,215,0.6069803237915039
2094,526,30307,548,710,316,474,0.8689224720001221
2095,526,3482,150,218,247,222,0.8566191650572277
2096,526,16261,99,850,249,242,0.7007177670796711
2097,526,19860,638,278,219,169,0.5781011354355585
2098,527,30307,142,76,306,463,0.8401294549306233
2099,527,16261,638,177,244,231,0.7917655649639311
2100,527,3482,600,867,260,230,0.7457139946165539
2101,527,19860,126,865,220,168,0.7384166831061953
2102,528,30307,127,66,297,446,0.8711418651399158
2103,528,3482,573,836,262,231,0.7993175302233014
2104,528,16261,610,172,238,228,0.7988700412568591
2105,528,19860,90,827,226,178,0.7750717231205532
2106,529,20237,618,195,226,217,0.8338584786369687
2107,529,22346,105,241,208,197,0.7579508281889415
2108,529,3482,601,845,279,187,0.7562841120220366
2109,529,25468,49,857,375,221,0.7325667426699684
2110,53,2482,652,99,209,471,0.8312192984989711
2111,53,25437,133,852,260,267,0.7872593402862549
2112,53,6191,99,118,356,472,0.7823976448604039
2113,53,5885,607,682,241,507,0.7527376356579009
2114,530,20237,139,849,231,226,0.8774590492248535
2115,530,3482,124,271,272,189,0.8454076449076334
2116,530,22346,680,831,213,207,0.8187924680255708
2117,530,25468,570,230,379,218,0.691538481485276
2118,531,20237,590,190,220,213,0.8750741254715692
2119,531,25468,11,812,385,221,0.7962212676093692
2120,531,22346,89,230,202,195,0.7801921594710577
2121,531,3482,574,810,282,193,0.7773780255090622
2122,532,19551,117,120,380,421,0.8261685711996896
2123,532,5885,612,696,238,509,0.818112123580206
2124,532,2482,598,113,283,445,0.8039383093516032
2125,532,3742,74,810,333,330,0.643886611575172
2126,533,19551,113,80,386,425,0.8569887706211635
2127,533,2482,608,77,277,456,0.8493920734950474
2128,533,5885,600,697,243,491,0.8423692839486258
2129,533,3742,72,799,327,322,0.6303347292400542
2130,534,19551,445,698,394,433,0.8697699932824997
2131,534,5885,99,68,241,476,0.8366998604365757
2132,534,2482,52,680,280,457,0.7808505921136765
2133,534,3742,535,151,315,302,0.6509045192173549
2134,535,31884,82,143,410,504,0.8814401853652227
2135,535,36636,675,172,174,255,0.8146096978868756
2136,535,3482,601,846,278,186,0.7490545795077369
2137,535,25468,87,829,343,302,0.734564292998541
2138,536,31884,70,115,393,502,0.8975021044413248
2139,536,36636,645,170,169,248,0.8006813980284191
2140,536,3482,574,811,280,193,0.7889427457536969
2141,536,25468,49,787,353,301,0.7141092845371791
2142,537,31884,516,595,403,521,0.8830985001155308
2143,537,36636,132,829,180,261,0.8550117697034563
2144,537,3482,125,271,271,188,0.8412805057707287
2145,537,25468,574,187,328,285,0.7014792873745872
2146,539,20013,8,669,354,342,0.9138971283322288
2147,539,3350,321,132,185,189,0.8446014495123
2148,539,38161,592,710,199,303,0.6664455504644484
2149,54,25437,546,177,247,252,0.8556214400700161
2150,54,6191,467,643,371,485,0.8057967821756998
2151,54,5885,113,83,230,478,0.7713133948189871
2152,54,2482,70,664,203,484,0.6191385359991164
2153,54,22361,467,643,370,483,0.07292388734363374
2154,540,20013,52,752,348,340,0.9301762353806268
2155,540,3350,363,189,184,183,0.8538325627644856
2156,540,38161,632,806,193,295,0.7589298202877952
2157,541,31884,582,649,332,556,0.9306810015723819
2158,541,3482,151,219,246,221,0.853777840023949
2159,541,16231,145,900,194,192,0.772584733508882
2160,541,19860,638,278,219,169,0.5889226709093366
2161,542,31884,70,34,315,535,0.8903235480898902
2162,542,16231,617,173,185,181,0.8055697168622697
2163,542,3482,573,836,262,231,0.7861981505439395
2164,542,19860,90,827,226,177,0.7659137816656203
2165,543,31884,86,54,326,541,0.8852704366048176
2166,543,16231,646,175,190,187,0.7973588648296538
2167,543,3482,600,868,260,229,0.7465149675096784
2168,543,19860,126,865,220,168,0.7315417130788167
2169,545,27776,640,294,175,195,0.9011769862402053
2170,545,3482,175,273,263,220,0.8402291366032192
2171,545,29666,127,880,229,228,0.811755203065418
2172,545,22346,663,861,215,209,0.7833253201984224
2173,546,27776,143,773,179,207,0.9035867736453101
2174,546,29666,601,161,219,214,0.8169497194744292
2175,546,3482,535,778,267,227,0.7900181270781017
2176,546,22346,106,201,202,195,0.7709708667936779
2177,547,20876,115,768,330,231,0.9260175341651553
2178,547,22346,120,242,208,198,0.8292158444722493
2179,547,3482,649,751,212,268,0.8244340192703973
2180,547,36636,632,210,185,250,0.8171667939140683
2181,548,20876,544,293,330,233,0.917040052868071
2182,548,36636,166,797,189,256,0.8680559907640729
2183,548,22346,664,829,213,208,0.8045930521828787
2184,548,3482,141,291,213,255,0.8027988388424827
2185,55,16687,430,162,506,464,0.8260788236345563
2186,55,20013,50,284,341,318,0.7976572854178292
2187,55,3350,423,847,189,191,0.7766903582073393
2188,551,20237,133,870,230,225,0.8582715761093865
2189,551,3482,129,288,278,173,0.8155849434080578
2190,551,30307,545,684,386,432,0.8037237326304117
2191,551,27652,668,253,222,200,0.7567235969361804
2192,552,20237,623,177,224,215,0.8345842929113478
2193,552,3482,587,845,285,166,0.7260257857186453
2194,552,27652,97,852,223,207,0.7016247794741676
2195,552,30307,77,145,380,420,0.6912132104237874
2196,553,34596,17,72,410,446,0.9007285890125093
2197,553,25468,11,812,386,221,0.7917588097708566
2198,553,3482,574,810,281,194,0.7899066947755359
2199,553,16231,602,213,184,182,0.7715238275982085
2200,555,34596,24,97,425,445,0.9079388777414957
2201,555,16231,630,220,190,187,0.7700531823294503
2202,555,3482,601,845,279,187,0.7511655489603678
2203,555,25468,50,857,374,220,0.7435067494710286
2204,56,20013,547,620,351,341,0.9486216022854759
2205,56,3350,324,192,186,189,0.8764633110591343
2206,56,16687,0,551,512,511,0.7364657946995327
2207,560,35205,583,99,287,375,0.8760214419591994
2208,560,30307,117,79,269,472,0.7942171323867071
2209,560,3482,600,867,260,230,0.7438403084164573
2210,560,19860,126,865,219,168,0.7351968401954287
2211,560,27925,116,76,273,475,0.058995536040692104
2212,564,1899,151,255,196,161,0.9049275375547863
2213,564,33008,547,835,377,201,0.864077125276838
2214,564,16550,592,104,293,481,0.7858586311340332
2215,564,21770,161,806,189,185,0.4982419241042364
2216,565,12777,23,164,414,429,0.9212962218693325
2217,565,12080,649,694,245,466,0.8367878482455299
2218,565,5093,105,808,286,289,0.8191271622975667
2219,565,2482,624,73,225,462,0.7526726382119314
2220,569,12777,539,575,295,520,0.9453509535108293
2221,569,2482,90,666,258,471,0.7942909853799002
2222,569,12080,109,114,227,425,0.7721280483972458
2223,569,3742,494,165,314,300,0.5774887402852376
2224,571,16550,540,54,300,454,0.8899202800932384
2225,571,1899,580,866,213,143,0.8642286346072242
2226,571,21025,92,830,180,181,0.8292848155612037
2227,571,24849,122,138,178,282,0.4126193409874325
2228,572,21025,686,276,177,172,0.9077058519635881
2229,572,1899,188,274,202,136,0.8400338036673409
2230,572,16550,99,710,327,479,0.7925290153140113
2231,572,24849,674,826,187,304,0.5858794848124186
2232,573,16550,569,61,310,468,0.8768605050586519
2233,573,1899,608,899,207,137,0.8586995374588738
2234,573,21025,124,865,179,176,0.7114383152553013
2235,573,24849,138,142,183,293,0.3302578982852754
2236,574,2482,671,77,204,487,0.8427156720842633
2237,574,22626,92,178,312,479,0.7785778386252267
2238,574,13394,629,676,229,496,0.7561501434871128
2239,574,3742,116,826,323,322,0.7278826123192197
2240,575,22626,533,549,312,483,0.753231956845238
2241,575,13394,84,82,229,484,0.7485591229938325
2242,575,2482,60,647,202,487,0.6606553282056535
2243,575,3742,497,125,312,304,0.6044647239503406
2244,576,2482,660,113,212,473,0.8431925092424665
2245,576,22626,95,209,310,480,0.8157199337368919
2246,576,13394,637,675,240,515,0.7683711960202171
2247,576,3742,117,839,330,330,0.6590885775429861
2248,577,19606,139,787,160,156,0.9736289296831403
2249,577,1899,135,247,192,154,0.9023855981372652
2250,577,16550,537,71,352,422,0.888502313977196
2251,577,33008,519,790,382,211,0.8834578877403623
2252,578,19606,661,333,156,149,0.9587247031075613
2253,578,33008,84,255,367,211,0.8984663372948056
2254,578,16550,50,726,381,447,0.8896457013629732
2255,578,1899,642,858,206,166,0.8570750554402669
2256,579,19606,172,822,157,152,0.9392601535433814
2257,579,1899,151,256,198,156,0.9120011329650879
2258,579,16550,567,79,363,433,0.8752508958180745
2259,579,33008,547,835,377,201,0.8706942058744884
2260,58,34596,38,50,388,463,0.8977655002049038
2261,58,35205,553,93,280,366,0.8428090526944114
2262,58,3482,573,836,262,231,0.7929364840189616
2263,58,19860,90,827,226,177,0.7621454624902634
2264,58,31884,40,52,390,462,0.21104156687146142
2265,581,33008,84,254,368,211,0.883633465993972
2266,581,1899,645,853,203,172,0.8505771273658389
2267,581,24849,646,206,176,274,0.6232506888253347
2268,581,16547,102,904,244,240,0.5156717981610979
2269,583,19551,469,636,330,487,0.8314519269125802
2270,583,5093,548,186,270,267,0.8105539140247163
2271,583,2482,71,692,251,467,0.782374484198434
2272,583,5885,112,82,233,476,0.7751858802068801
2273,584,2482,605,85,258,460,0.8480364368075416
2274,584,5093,109,815,285,285,0.7580696968805222
2275,584,5885,603,685,249,505,0.7448887257348923
2276,584,19551,145,117,329,480,0.7172480651310512
2277,586,28762,145,198,209,198,0.8467864422571091
2278,586,3482,574,811,280,193,0.7880563395363943
2279,586,36636,645,169,170,248,0.72420943351019
2280,586,25468,50,787,352,302,0.714431603749593
2281,587,36636,131,829,180,261,0.8556728703635079
2282,587,3482,125,270,271,189,0.8438714345296223
2283,587,28762,613,858,223,214,0.7145106224786667
2284,587,25468,574,186,328,287,0.6923476854960123
2285,588,28762,163,206,213,204,0.8669703347342355
2286,588,36636,675,172,174,254,0.788008315222604
2287,588,3482,601,846,278,187,0.7560000533149356
2288,588,25468,88,829,343,303,0.7147277536846343
2289,589,25366,27,110,348,499,0.8636011963798886
2290,589,16261,638,177,244,231,0.7956328278496152
2291,589,3482,600,867,260,230,0.7530978747776577
2292,589,19860,126,865,219,168,0.7411526498340425
2293,591,25366,626,644,348,510,0.8873093128204346
2294,591,3482,151,219,246,221,0.8527609847840808
2295,591,16261,99,851,249,241,0.6891877878279913
2296,591,19860,638,278,219,169,0.5778898511614118
2297,592,28762,648,902,223,214,0.8863178321293422
2298,592,3482,152,217,246,221,0.8480999015626453
2299,592,29666,119,844,230,226,0.7820955912272135
2300,592,19860,640,278,219,169,0.6037815411885579
2301,593,28762,114,160,207,197,0.936076697849092
2302,593,3482,572,836,261,232,0.7886609009334019
2303,593,29666,609,193,220,216,0.7767111346835182
2304,593,19860,88,827,227,177,0.7614587602161226
2305,594,28762,129,164,213,203,0.932674351192656
2306,594,29666,638,200,225,215,0.7842347735450381
2307,594,3482,599,868,259,230,0.7499868529183523
2308,594,19860,124,865,220,168,0.738567000343686
2309,595,3350,397,865,191,193,0.8620612394242059
2310,595,16231,650,290,190,189,0.8204401674724761
2311,595,32309,108,216,251,341,0.7244427431197393
2312,596,3350,351,162,180,185,0.8770560082935152
2313,596,32309,575,617,265,372,0.7378465788705008
2314,596,16231,80,734,197,197,0.5764944212777273
2315,596,18146,820,0,156,130,0.05962635789598737
2316,598,33879,549,193,305,417,0.9679026830764044
2317,598,3350,402,873,190,192,0.8154894056774321
2318,598,36636,172,334,182,252,0.7047923973628453
2319,60,35205,108,775,304,388,0.936658155350458
2320,60,3482,151,219,246,221,0.8569829236893426
2321,60,34596,545,690,412,488,0.8557407061258951
2322,60,19860,638,278,219,169,0.5733772686549595
2323,60,31884,547,690,408,489,0.24608677341824486
2324,600,33879,112,685,310,432,0.8700693221319289
2325,600,3350,388,226,182,182,0.8337532906305222
2326,600,36636,624,721,183,259,0.7935387179965064
2327,601,31884,502,636,454,481,0.9456355231148855
2328,601,27732,565,261,301,265,0.8855080036889938
2329,601,3482,121,306,273,200,0.8377036026545933
2330,601,16261,151,802,250,242,0.8085001082647414
2331,602,31884,38,109,439,471,0.93089188848223
2332,602,27732,86,726,321,282,0.8646336623600551
2333,602,16261,563,217,237,229,0.8371562049502418
2334,602,3482,579,758,275,211,0.8168729146321614
2335,603,31884,51,138,457,470,0.9098448639824277
2336,603,27732,122,766,317,276,0.8922452018374488
2337,603,3482,607,790,275,211,0.8048280080159504
2338,603,16261,590,226,242,231,0.7977764379410517
2339,605,28762,146,249,211,201,0.9236004806700207
2340,605,36636,643,208,189,246,0.8051471483139765
2341,605,3482,587,845,285,165,0.7320305279323033
2342,605,27652,96,853,222,207,0.7117193653469993
2343,608,33879,48,608,315,442,0.9499802475883847
2344,608,29666,588,722,233,232,0.8527649584270659
2345,608,3350,339,191,185,189,0.8477968261355445
2346,608,1899,809,1171,167,108,0.07932913445291065
2347,610,34596,0,105,392,446,0.8401220185416085
2348,610,16231,621,221,186,183,0.8026090122404552
2349,610,3482,557,811,289,175,0.7712884176345098
2350,610,27652,61,810,226,211,0.738113834744408
2351,611,34596,577,656,399,460,0.9225021089826311
2352,611,16231,142,846,196,192,0.8335630098978678
2353,611,3482,131,287,278,174,0.8120648066202799
2354,611,27652,670,254,222,201,0.7667020956675211
2355,612,34596,1,138,413,439,0.8940778459821428
2356,612,16231,648,230,192,182,0.806480362301781
2357,612,3482,585,845,285,167,0.726831697282337
2358,612,27652,95,852,222,206,0.7115156309945242
2359,614,22073,633,727,188,193,0.8876278854551769
2360,614,3350,346,154,184,188,0.8397823855990455
2361,614,19231,163,655,243,354,0.7592394238426572
2362,615,22073,674,821,184,185,0.8789207254137311
2363,615,3350,389,213,184,182,0.8470344543457031
2364,615,19231,207,755,238,353,0.8228207769848052
2365,616,3482,151,219,246,220,0.8528150830950055
2366,616,16231,145,899,194,192,0.8124323118300665
2367,616,19860,638,278,219,168,0.5785909720829555
2368,616,28762,630,886,221,215,0.4845656667436872
2369,617,28762,148,178,211,202,0.8794913973127092
2370,617,16231,646,175,190,186,0.8368186155954996
2371,617,3482,600,867,261,231,0.7540592125483921
2372,617,19860,126,865,219,168,0.7512413320087251
2373,618,16231,617,172,186,181,0.8436110473814464
2374,618,28762,132,172,207,197,0.8053810255868094
2375,618,3482,573,836,262,231,0.796756176721482
2376,618,19860,90,827,226,177,0.7668391863505045
2377,62,18146,93,550,287,418,0.9558569817315964
2378,62,3350,324,155,186,189,0.8876568930489676
2379,62,36636,541,650,206,253,0.785977840423584
2380,620,23222,546,638,297,511,0.8951226302555629
2381,620,22361,81,78,249,387,0.858983936763945
2382,620,5093,520,150,270,265,0.8396551154908679
2383,620,2482,82,640,203,490,0.6046413807641892
2384,621,23222,95,61,292,499,0.9226918788183303
2385,621,2482,650,82,199,483,0.8096625123705182
2386,621,22361,607,778,254,407,0.807553245907738
2387,621,5093,137,848,278,273,0.8046433471498035
2388,622,41767,129,293,259,294,0.9500965050288609
2389,622,22073,612,290,186,189,0.7975930827004568
2390,622,3350,395,890,191,191,0.7490871633802141
2391,623,22073,124,747,190,195,0.8453222115834553
2392,623,3350,349,147,187,191,0.8014903182075137
2393,623,41767,552,630,271,308,0.4784652165004185
2394,624,22073,168,839,188,185,0.9141083558400471
2395,624,3350,392,207,186,184,0.8457682246253604
2396,624,41767,593,720,264,310,0.6247440973917643
2397,625,27732,565,261,300,266,0.8858080705006917
2398,625,30307,504,698,416,398,0.8603723843892415
2399,625,3482,121,306,273,200,0.8308313006446475
2400,625,16261,151,803,250,241,0.7962371054149809
2401,627,27732,86,726,321,282,0.8703594548361642
2402,627,3482,579,758,275,211,0.8191084861755371
2403,627,16261,562,217,238,228,0.815695013318743
2404,627,30307,73,146,399,379,0.7676108110518682
2405,628,16231,140,891,198,193,0.8856263614836193
2406,628,27732,565,261,301,265,0.8840450786408923
2407,628,3482,121,305,274,200,0.8344201246897379
2408,628,22346,677,850,214,209,0.7776571455455962
2409,632,23222,503,605,296,507,0.8998770940871466
2410,632,25437,549,180,247,252,0.8603231112162272
2411,632,5885,116,86,232,475,0.7467659882136753
2412,632,2482,64,665,213,486,0.6715201763879685
2413,633,23222,139,135,293,495,0.9216281913575671
2414,633,2482,656,98,196,471,0.7809256371997652
2415,633,25437,130,849,260,265,0.7771917751857212
2416,633,5885,600,680,245,506,0.7422682784852527
2417,635,33877,615,791,172,219,0.9307692164466494
2418,635,4542,611,153,204,199,0.7294215474809919
2419,635,16547,70,752,238,233,0.6356953439258394
2420,635,3543,181,197,204,200,0.352784792582194
2421,636,3543,583,857,215,213,0.8081005300794328
2422,636,4542,132,905,213,211,0.7805861177898589
2423,636,33877,195,254,161,215,0.7776958034152076
2424,636,16547,652,278,232,224,0.5167364506494431
2425,637,5885,611,695,239,508,0.814862705412365
2426,637,2482,600,114,282,443,0.8081695579347156
2427,637,3742,74,811,333,329,0.6462253843035016
2428,637,33879,46,194,482,345,0.18327065876552037
2429,638,5885,599,696,244,491,0.8479152406964983
2430,638,2482,609,77,276,456,0.8437632946741013
2431,638,3742,73,799,327,321,0.6350625128973097
2432,638,33879,38,160,490,346,0.10224226684797377
2433,64,20013,590,266,341,319,0.9093787556602841
2434,64,29666,152,277,230,224,0.8682369618188767
2435,64,3350,396,887,190,193,0.7041598501659575
2436,640,3831,484,284,402,341,0.8624485560825893
2437,640,3350,405,918,190,193,0.8095793496994745
2438,640,20237,96,300,225,220,0.7663295950208391
2439,641,20237,617,708,234,230,0.8840499605451311
2440,641,3350,342,125,184,186,0.8419715222858247
2441,641,3831,41,579,407,348,0.4893555527641659
2442,644,6191,504,605,275,542,0.7859919752393449
2443,644,13394,73,86,233,485,0.7687583991459438
2444,644,2482,59,651,208,485,0.668583767754691
2445,644,3742,484,120,314,304,0.5672305538540795
2446,646,27776,638,294,175,195,0.907459088734218
2447,646,36636,130,827,192,255,0.8819992201668875
2448,646,3482,173,275,261,219,0.849603357769194
2449,646,34596,397,631,463,433,0.8216332821618942
2450,647,36636,665,179,186,249,0.8559999579475039
2451,647,27776,179,810,174,200,0.8447957038879395
2452,647,3482,566,812,263,220,0.7294799032665434
2453,647,34596,144,191,450,411,0.7200585660480318
2454,648,27776,146,775,178,206,0.9061436426071893
2455,648,36636,636,176,181,244,0.8580832254318963
2456,648,3482,538,777,266,227,0.7860440867287771
2457,648,34596,125,154,443,424,0.5546321187700544
2458,65,3350,349,153,186,189,0.9089756579626174
2459,65,29666,558,728,233,232,0.8894474165780203
2460,65,20013,0,634,341,342,0.39810157957531156
2461,650,3350,368,176,180,185,0.8823485033852713
2462,650,32309,0,707,308,313,0.8194862660907564
2463,650,36636,560,822,274,170,0.2974681825864883
2464,650,19231,559,823,276,168,0.11506700799578712
2465,650,41767,840,0,136,97,0.08333414083435421
2466,652,24849,115,842,303,169,0.9323321069989885
2467,652,1899,125,259,199,148,0.8687126068841843
2468,652,31704,598,696,253,453,0.8088230519067673
2469,652,16550,563,66,287,463,0.7879626183282761
2470,653,24849,548,266,291,164,0.9437203974950881
2471,653,16550,91,690,310,488,0.8580991767701648
2472,653,31704,128,131,246,420,0.8295849959055582
2473,653,1899,646,857,210,156,0.8290666625613258
2474,654,24849,150,879,298,162,0.9369173504057384
2475,654,1899,142,267,203,148,0.8897516273316882
2476,654,31704,625,734,250,447,0.8180768149239676
2477,654,16550,591,75,295,472,0.6987350327627999
2478,656,16550,540,182,418,383,0.9037188121250698
2479,656,6562,189,708,218,359,0.8052020981198265
2480,656,3543,150,189,207,202,0.6750445138840449
2481,656,33877,627,851,228,135,0.08199442710195269
2482,658,29450,494,822,402,264,0.8913988158816383
2483,658,18109,79,791,306,289,0.8480427946363176
2484,658,1899,167,247,184,179,0.8396378017607189
2485,658,16550,632,11,285,483,0.8344518003009614
2486,659,1899,148,240,181,179,0.8639836311340332
2487,659,29450,465,785,408,269,0.860792739050729
2488,659,16550,602,11,278,465,0.8459042935144333
2489,659,18109,43,747,313,301,0.7888038953145344
2490,66,3350,392,211,185,184,0.8842722574869791
2491,66,29666,597,820,228,224,0.8820078486487979
2492,66,20013,34,718,346,338,0.34560010546729675
2493,660,1899,643,846,187,189,0.8603558086213611
2494,660,29450,113,216,393,258,0.8334746814909435
2495,660,18109,609,226,302,287,0.8117142745426723
2496,660,16550,62,741,294,503,0.7369976384299142
2497,661,31862,177,302,207,207,0.9308044683365594
2498,661,3350,376,878,190,191,0.7569316455296108
2499,661,16231,687,293,190,189,0.5488640353793189
2500,662,3350,368,160,186,189,0.8375970522562662
2501,662,16231,42,745,197,191,0.6655142420814151
2502,662,31862,554,724,211,214,0.2979910941351028
2503,664,20876,542,293,331,234,0.9180465766361782
2504,664,36636,166,799,189,255,0.874322425751459
2505,664,3482,140,292,213,254,0.8060089179447719
2506,664,28762,630,875,221,213,0.6473285811288015
2507,665,20876,84,725,333,242,0.9108601297651018
2508,665,3482,624,718,210,270,0.8364569573175339
2509,665,36636,604,203,179,244,0.8203670524415515
2510,665,28762,131,184,206,199,0.8063659213838122
2511,667,25437,121,820,254,255,0.8339778014591762
2512,667,12080,647,702,240,448,0.8302705628531319
2513,667,2482,574,117,297,447,0.8274043174017043
2514,667,22626,21,148,480,272,0.8196230161757696
2515,668,12080,67,120,225,424,0.8419330914815266
2516,668,25437,555,194,248,253,0.8406209945678711
2517,668,2482,67,653,300,447,0.7448138509477887
2518,668,22626,431,777,491,295,0.36511980351947604
2519,670,35205,135,728,243,408,0.8765860966273716
2520,670,3482,124,271,272,189,0.8391735099610828
2521,670,22346,681,847,215,208,0.798106136776152
2522,670,25468,573,186,329,287,0.6910108384631929
2523,672,35205,614,121,229,399,0.9247590814317975
2524,672,22346,104,224,207,198,0.7777969610123407
2525,672,3482,602,845,278,187,0.7575198014577229
2526,672,25468,88,829,343,303,0.7171428203582764
2527,674,16547,152,890,241,238,0.8713683060237339
2528,674,1899,631,894,211,134,0.8404631274087088
2529,674,27925,598,159,258,450,0.8387709231603713
2530,674,12246,125,292,297,147,0.04803896659896487
2531,675,16547,566,134,229,226,0.9164169288816906
2532,675,44198,551,832,291,148,0.8996381646110898
2533,675,1899,139,239,200,129,0.8610232103438604
2534,675,27925,98,615,269,482,0.6742839586167109
2535,677,1899,141,240,199,128,0.8629444667271206
2536,677,16550,614,15,301,453,0.8232718989962623
2537,677,18109,13,695,312,296,0.704902864637829
2538,677,27925,569,629,259,486,0.5535465195065453
2539,679,4377,598,702,226,467,0.8162561484745571
2540,679,5093,105,809,285,288,0.7990483442942301
2541,679,22626,131,162,340,469,0.7915225483122326
2542,679,2482,609,87,213,471,0.7899628934406099
2543,68,27776,637,293,176,195,0.9059070973169235
2544,68,3482,171,275,263,219,0.8426220076424734
2545,68,30307,513,767,440,372,0.7786108766283307
2546,68,16231,154,828,190,192,0.7628439721607027
2547,680,2482,86,677,236,480,0.8139580772036598
2548,680,5093,549,190,272,268,0.8088311694917224
2549,680,4377,137,109,214,437,0.7243570827302478
2550,680,22626,471,605,344,470,0.6884072508130754
2551,681,2482,615,49,223,483,0.8404883884248279
2552,681,22626,129,132,342,465,0.7781692913600377
2553,681,5093,104,798,277,277,0.7510297071366083
2554,681,4377,590,700,218,452,0.6519171737489245
2555,684,29344,575,718,324,422,0.9220328217460996
2556,684,16550,524,87,366,432,0.8598445143018449
2557,684,18109,79,764,306,290,0.8465696516491118
2558,684,1899,181,265,129,201,0.7994652362096877
2559,685,12080,644,705,239,446,0.8327897957393101
2560,685,25437,117,818,255,256,0.815892219543457
2561,685,2482,576,120,296,447,0.8145790440695626
2562,685,6191,93,9,298,528,0.6707126753670828
2563,688,27732,86,726,321,282,0.8677992934272403
2564,688,20237,613,185,222,215,0.8671245120820544
2565,688,3482,579,758,276,211,0.81635316212972
2566,688,34596,100,183,453,402,0.6752937748318627
2567,692,35205,102,686,207,418,0.8864078635261172
2568,692,3482,131,287,277,174,0.8145755813235328
2569,692,22346,658,835,213,208,0.8020009313310895
2570,692,27652,670,253,221,201,0.7647782280331565
2571,694,19231,502,237,328,257,0.8569846834455217
2572,694,35205,152,278,259,390,0.8150636014484224
2573,694,3350,402,851,189,189,0.7640644482203892
2574,697,38161,139,261,225,264,0.9760409309750511
2575,697,3350,402,854,190,193,0.8583542278834752
2576,697,18356,600,202,243,343,0.7504096485319591
2577,698,38161,573,680,236,281,0.9742823101225353
2578,698,3350,346,173,181,185,0.8905795642307827
2579,698,18356,79,632,249,371,0.6439219769977388
2580,698,18146,838,0,138,154,0.055490235487620033
2581,70,1899,631,899,210,155,0.876418806257702
2582,70,24849,643,259,193,266,0.7531210922059558
2583,70,16550,44,709,304,497,0.7335533414568219
2584,70,29450,44,231,406,229,0.6688941660381499
2585,700,30307,73,130,381,396,0.8626549584524972
2586,700,16231,617,173,185,181,0.8029827049800328
2587,700,3482,573,836,262,231,0.7784177575792585
2588,700,19860,90,827,226,177,0.7656371025812058
2589,701,30307,89,147,395,407,0.8501102810814267
2590,701,16231,646,176,190,186,0.7843359311421711
2591,701,3482,600,867,260,230,0.7414904094877697
2592,701,19860,126,865,220,168,0.7308407624562581
2593,702,3482,151,219,246,221,0.8548304012843541
2594,702,30307,516,696,401,415,0.7895192078181675
2595,702,16231,145,899,194,192,0.7631429604121617
2596,702,19860,638,278,219,169,0.5716340882437569
2597,705,29666,638,205,225,215,0.7926567395528157
2598,705,22346,121,199,206,199,0.7833570525759742
2599,705,3482,593,872,257,231,0.7579572995503743
2600,705,19860,118,864,221,169,0.7454502014886765
2601,706,12777,70,123,348,483,0.9589979762122744
2602,706,2482,606,83,257,462,0.8394156183515276
2603,706,5093,109,815,284,285,0.7560618718465169
2604,706,5885,603,685,249,504,0.7495588348025367
2605,707,12777,531,631,361,491,0.9728038878667922
2606,707,5093,548,186,270,267,0.8072103205181304
2607,707,2482,71,692,251,468,0.7820143018450055
2608,707,5885,111,82,235,475,0.7787495567685081
2609,708,12777,63,85,352,486,0.9583859216599236
2610,708,2482,617,49,250,472,0.8613341762906028
2611,708,5885,597,684,235,489,0.7663230101267496
2612,708,5093,109,804,279,275,0.7125636509486607
2613,710,27732,86,727,322,281,0.8719723565237862
2614,710,3482,579,758,276,211,0.8182159491947719
2615,710,16261,562,217,238,228,0.80191589537121
2616,710,28762,158,234,207,198,0.7700526146661667
2617,712,12777,105,96,293,547,0.8751995222909109
2618,712,2482,626,99,225,471,0.8461919852665493
2619,712,13394,641,675,241,514,0.7983384813581194
2620,712,5093,133,844,287,285,0.7820053895314534
2621,713,12777,546,598,287,526,0.9462862923031761
2622,713,5093,522,161,271,266,0.8180084682646251
2623,713,13394,79,83,231,483,0.749307530266898
2624,713,2482,81,659,216,490,0.6418117455073765
2625,714,12777,102,88,292,522,0.9140930289313907
2626,714,2482,639,65,216,483,0.8585295223054431
2627,714,5093,134,832,278,277,0.808691694622948
2628,714,13394,632,675,231,495,0.7770429906390962
2629,716,2482,587,102,233,470,0.834612732841855
2630,716,12080,609,718,243,464,0.7650135244641985
2631,716,19551,98,132,320,494,0.7116280850910005
2632,716,3742,120,795,330,329,0.6797283604031518
2633,717,19551,526,607,320,491,0.802854753675915
2634,717,2482,90,667,257,472,0.7910688718159993
2635,717,12080,109,114,227,425,0.7419530550638834
2636,717,3742,495,165,313,300,0.5401454653058733
2637,719,16547,553,182,231,226,0.8634321462540399
2638,719,21770,90,811,195,189,0.8579460212162563
2639,719,1899,123,261,200,146,0.8542632488977341
2640,719,31704,604,690,254,453,0.8374160812014625
2641,72,1899,155,224,208,150,0.8649586495899019
2642,72,16550,644,45,288,483,0.8440751688820974
2643,72,29450,551,843,411,225,0.8218448502676827
2644,72,24849,152,773,194,281,0.7209981055486769
2645,720,21770,674,287,189,179,0.895662988935198
2646,720,16547,165,842,241,237,0.8699254762558709
2647,720,31704,121,135,247,420,0.8661413760412306
2648,720,1899,647,856,211,155,0.8251204377128964
2649,721,31884,67,161,444,463,0.9233394123259044
2650,721,27732,87,726,320,282,0.8668345496768043
2651,721,35205,570,120,251,378,0.8424348490578787
2652,721,3482,580,758,275,210,0.8158078647795177
2653,724,16547,107,736,237,233,0.8537466753096807
2654,724,31704,574,678,254,449,0.776362419128418
2655,724,3543,132,178,203,199,0.7298785731905982
2656,724,10220,578,167,217,214,0.7220894382113502
2657,725,31704,147,151,252,418,0.8429863907042003
2658,725,3543,636,883,214,214,0.8314100901285807
2659,725,10220,151,875,229,226,0.7614250410170782
2660,725,16547,618,300,231,226,0.6429231734502883
2661,726,16547,140,776,235,226,0.9108559858231317
2662,726,3543,149,182,207,202,0.7367780662718273
2663,726,31704,602,715,252,444,0.6961434228079659
2664,726,10220,607,171,221,216,0.6548505737667992
2665,727,25366,37,154,410,447,0.8850330398196266
2666,727,3482,574,811,281,192,0.7998308681306384
2667,727,25468,12,812,385,221,0.7899824210575649
2668,727,16231,602,214,184,182,0.7509541511535645
2669,728,25366,51,175,421,450,0.858824196315947
2670,728,16231,630,220,190,188,0.7537651062011719
2671,728,3482,601,845,279,187,0.7521627062842959
2672,728,25468,49,857,376,220,0.7337200073968796
2673,73,16550,524,72,352,423,0.8946968827928815
2674,73,6562,167,672,216,365,0.8487695739382789
2675,73,12246,592,848,212,128,0.8066814854031517
2676,73,3543,72,200,203,199,0.7401194458916074
2677,731,29870,603,772,206,222,0.8733071032024565
2678,731,16547,119,769,238,231,0.8604552632286435
2679,731,3543,102,160,203,198,0.5963650203886486
2680,731,4542,612,142,202,198,0.5281358673459008
2681,732,3543,669,898,215,214,0.8513570399511428
2682,732,29870,167,277,204,212,0.7832255249931699
2683,732,4542,131,916,214,213,0.5940712633587065
2684,732,16547,606,265,231,222,0.4779665243057977
2685,738,31704,139,645,250,451,0.80235793477013
2686,738,16550,585,90,288,461,0.8004031862531389
2687,738,1899,88,260,201,126,0.7924552190871466
2688,738,44198,605,769,167,284,0.7923573539370582
2689,740,31704,132,131,244,420,0.8520606585911342
2690,740,1899,644,830,169,199,0.8394403117043631
2691,740,16547,119,804,241,235,0.7550441651117233
2692,740,19606,656,272,156,148,0.7475987502506801
2693,742,4377,78,102,218,439,0.885833217984154
2694,742,25437,566,185,247,255,0.8328187465667725
2695,742,6191,567,538,279,531,0.8065687474750337
2696,742,2482,84,674,244,470,0.7819447630927676
2697,743,2482,610,66,242,471,0.8573157446725027
2698,743,25437,110,829,254,254,0.7850479511987595
2699,743,4377,640,706,222,452,0.7630085945129395
2700,743,6191,94,132,281,535,0.5990592070988247
2701,745,3350,352,890,191,195,0.8516368411836169
2702,745,16261,662,271,239,232,0.8223983219691685
2703,745,32309,114,177,227,364,0.7006491933550153
2704,747,32309,637,738,232,391,0.8901334376562209
2705,747,3350,437,192,183,183,0.8879711514427548
2706,747,16261,62,798,243,238,0.8297156719934372
2707,747,18146,0,0,172,111,0.12104410500753493
2708,75,12246,621,879,207,126,0.9583452769688197
2709,75,16550,552,81,364,434,0.9071636199951172
2710,75,6562,198,714,217,358,0.7863594804491315
2711,75,3543,87,209,208,202,0.76425796463376
2712,750,29344,582,132,277,410,0.9485289596375964
2713,750,44198,175,199,164,268,0.8267595086778913
2714,750,1899,687,806,130,209,0.7804607777368454
2715,750,16547,146,788,242,237,0.7312301794687907
2716,752,27992,547,778,311,240,0.987995806194487
2717,752,16547,559,137,230,224,0.8966714995247976
2718,752,6562,167,672,217,364,0.8504395825522286
2719,752,3543,91,196,204,200,0.6457217534383137
2720,754,3350,373,197,183,182,0.8721472535814557
2721,754,3831,90,654,369,378,0.7817268371582031
2722,754,29666,627,761,227,224,0.7295045398530505
2723,754,3831,626,760,230,224,0.5007514925230117
2724,754,29666,91,654,363,380,0.2068066071896326
2725,756,3831,514,256,370,375,0.8968867574419294
2726,756,29666,126,319,226,225,0.8572376909710112
2727,756,3350,417,890,189,191,0.7778503781273252
2728,758,31884,562,657,340,553,0.9069964999244327
2729,758,3482,152,218,246,221,0.8516084580194382
2730,758,36636,95,906,273,166,0.7836142040434337
2731,758,19860,640,278,219,170,0.595400503703526
2732,759,36636,591,195,259,154,0.904612314133417
2733,759,31884,78,29,324,530,0.8915548097519647
2734,759,3482,572,836,260,231,0.789334149587722
2735,759,19860,88,827,227,177,0.7619501863207135
2736,760,29344,90,708,288,445,0.9701792399088541
2737,760,33207,656,804,214,204,0.955573490687779
2738,760,16547,580,202,234,226,0.8968298775809151
2739,760,1899,159,257,128,200,0.7887721061706543
2740,761,29344,128,750,282,437,0.9605962889535086
2741,761,33207,682,836,213,200,0.9293070293608165
2742,761,16547,609,211,239,227,0.91184968040103
2743,761,1899,178,267,130,201,0.806863818849836
2744,763,31884,500,641,456,481,0.9470029104323614
2745,763,27732,565,261,301,265,0.8834208760942731
2746,763,20237,113,854,231,226,0.8525139944893972
2747,763,3482,121,306,273,200,0.8337076505025227
2748,764,31884,50,134,461,470,0.9128232796986897
2749,764,27732,121,766,319,275,0.8960989543369838
2750,764,20237,643,190,226,217,0.8569205942608061
2751,764,3482,607,790,275,211,0.8113295691353933
2752,766,20876,544,294,330,233,0.9227950800032843
2753,766,34596,565,728,410,480,0.8901849247160412
2754,766,36636,166,797,190,256,0.8723211856115431
2755,766,3482,141,291,213,254,0.8010412965502057
2756,766,31884,567,733,408,476,0.10541769010680063
2757,768,20876,83,724,333,243,0.9112233775002615
2758,768,34596,10,18,398,459,0.8912881783076695
2759,768,36636,604,205,179,244,0.838779438109625
2760,768,3482,623,719,210,271,0.8317002795991443
2761,772,33207,638,879,210,200,0.9685804730369931
2762,772,31704,170,686,250,445,0.8426674207051594
2763,772,16550,554,79,288,479,0.8411388737814767
2764,772,1899,105,269,202,125,0.8156049251556396
2765,773,33207,611,847,213,205,0.9710544631594703
2766,773,16550,527,71,281,467,0.8694654419308616
2767,773,1899,88,260,200,126,0.7801125730787004
2768,773,31704,139,645,250,451,0.7732375462849934
2769,778,30307,85,167,401,402,0.8555430457705543
2770,778,3482,601,845,279,187,0.7526552677154541
2771,778,25468,50,856,375,221,0.7390324274698893
2772,778,16231,630,220,190,187,0.7224706808725992
2773,779,3482,124,271,271,189,0.8446768919626871
2774,779,16231,163,856,193,191,0.8088329292479015
2775,779,25468,571,231,377,218,0.7028616610027495
2776,779,30307,515,684,409,406,0.6673790159679595
2777,780,30307,72,147,385,396,0.8345225879124233
2778,780,3482,575,811,280,193,0.7885657038007463
2779,780,25468,11,811,385,221,0.7881158874148414
2780,780,16231,602,214,184,181,0.7064961819421677
2781,782,22073,586,728,186,195,0.9559774398803711
2782,782,3350,339,183,185,189,0.8870851425897507
2783,782,20013,7,624,349,343,0.6325032029833112
2784,785,25366,538,691,394,492,0.9090034734635125
2785,785,35205,103,687,206,416,0.8858952068147204
2786,785,3482,131,287,277,174,0.8143596989767892
2787,785,27652,670,254,221,200,0.761703025727045
2788,787,20237,113,856,229,225,0.9022334076109386
2789,787,3482,151,219,246,221,0.8527358940669468
2790,787,34596,534,653,355,513,0.7251604398091633
2791,787,31884,536,652,351,514,0.5875490960620698
2792,787,19860,638,278,219,169,0.5592110043480283
2793,788,20237,615,185,220,213,0.8828450952257428
2794,788,3482,573,836,262,231,0.7860514095851353
2795,788,19860,90,827,226,177,0.7637099992661249
2796,788,34596,98,60,336,492,0.6321295102437336
2797,788,31884,102,63,334,490,0.43589314392634804
2798,79,19231,501,236,331,256,0.892278580438523
2799,79,16261,128,297,242,234,0.8588394664582751
2800,79,3350,388,846,188,190,0.776859578632173
2801,797,27992,494,853,337,164,0.9927631559826079
2802,797,16550,42,529,307,471,0.8298970404125395
2803,797,4542,602,188,203,198,0.7596920217786516
2804,797,3543,147,190,201,198,0.6338405041467575
2805,798,27992,524,890,331,158,0.9930930818830217
2806,798,16550,70,577,309,467,0.8129455929710752
2807,798,3543,164,198,206,201,0.7552891685849143
2808,798,4542,630,192,209,201,0.6922166120438349
2809,799,28762,170,180,211,201,0.9155642986297607
2810,799,20237,644,189,226,215,0.8853908947535923
2811,799,3482,600,867,260,230,0.7529213314964658
2812,799,19860,126,865,220,168,0.7464298180171421
2813,8,20237,623,177,224,215,0.8267010961260114
2814,8,22346,130,220,205,196,0.7499589806511289
2815,8,3482,586,845,286,166,0.729244209471203
2816,8,27652,96,853,222,207,0.7129584039960588
2817,80,19231,93,697,339,268,0.9614946728660947
2818,80,16261,568,694,251,245,0.8797833465394519
2819,80,3350,360,193,184,189,0.8107975551060268
2820,807,25366,612,708,314,525,0.8830692654564267
2821,807,3482,159,214,245,221,0.8455644335065569
2822,807,29666,120,840,228,226,0.7569066115788051
2823,807,19860,644,278,221,170,0.610581636428833
2824,808,16550,612,48,335,455,0.8226412250882102
2825,808,6562,192,707,216,359,0.8045612062726701
2826,808,3543,108,207,208,201,0.7716978163946242
2827,808,29870,632,825,171,240,0.6883483273642403
2828,810,16550,583,43,329,442,0.8996087028866722
2829,810,29870,606,789,171,247,0.8599796181633359
2830,810,6562,162,665,215,364,0.8416153703417096
2831,810,3543,92,198,203,198,0.7629886127653576
2832,815,20237,99,712,230,228,0.9009692214784167
2833,815,3350,362,168,182,186,0.8796951316651843
2834,815,32309,521,613,275,359,0.6266625154586065
2835,815,3831,0,1206,177,74,0.09410020850953602
2836,817,30307,95,155,383,420,0.7902675583249046
2837,817,16231,649,230,191,182,0.7759491034916469
2838,817,3482,585,845,285,166,0.7267292340596516
2839,817,27652,95,852,222,207,0.7030519985017322
2840,818,16231,142,846,196,192,0.8238462607065836
2841,818,3482,132,288,276,173,0.8146762280237106
2842,818,27652,671,254,221,200,0.7606715815407888
2843,818,30307,525,676,386,428,0.6004002548399425
2844,819,16231,621,222,186,182,0.800318888255528
2845,819,3482,557,811,289,174,0.7752680210840134
2846,819,30307,81,136,366,412,0.7738911537897019
2847,819,27652,61,810,225,211,0.7382088048117501
2848,82,2482,631,100,197,469,0.7891689595722017
2849,82,22361,609,736,271,417,0.731778655733381
2850,82,19551,118,138,322,503,0.6862437157403855
2851,82,3742,122,836,332,333,0.6764943826766241
2852,820,4377,132,109,222,436,0.9247791199457077
2853,820,19551,488,644,335,484,0.8088842460087368
2854,820,2482,94,691,211,490,0.7648271606082008
2855,820,3742,480,150,317,304,0.6472084068116687
2856,822,4377,594,705,234,463,0.8963574114299956
2857,822,19551,126,104,329,485,0.784610907236735
2858,822,3742,130,812,334,331,0.7171773342859177
2859,822,2482,623,73,192,465,0.6963871774219331
2860,826,18146,536,321,304,384,0.9301878724779401
2861,826,3350,407,861,190,192,0.8003779820033482
2862,826,38161,177,206,249,255,0.7881199178241548
2863,828,38161,551,863,249,250,0.9724400157020205
2864,828,18146,130,575,307,406,0.9505132834116617
2865,828,3350,382,237,183,182,0.9022603716169084
2866,829,27776,145,775,179,206,0.9071819555191766
2867,829,36636,636,176,181,243,0.8339318774995349
2868,829,3482,538,777,266,226,0.7830874692826044
2869,829,28762,97,167,207,201,0.5776464939117432
2870,83,22361,82,122,260,385,0.873290186836606
2871,83,19551,505,599,319,485,0.8107912540435791
2872,83,2482,90,661,208,494,0.6875692662738618
2873,83,3742,491,127,313,302,0.45943853401002427
2874,830,27776,638,293,175,195,0.9044156755719865
2875,830,36636,129,828,192,255,0.8659716447194417
2876,830,28762,665,891,224,214,0.8608358814602806
2877,830,3482,173,274,261,220,0.8433749562218076
2878,831,27776,178,811,175,199,0.8504849956149146
2879,831,36636,666,179,186,249,0.842477764402117
2880,831,3482,566,812,263,221,0.7045683406648181
2881,831,28762,113,175,211,202,0.6026745977855864
2882,832,16547,607,163,235,224,0.8994853496551514
2883,832,1899,622,888,208,140,0.8652704670315696
2884,832,21025,137,868,181,176,0.7601541564578101
2885,832,18109,58,126,307,287,0.5866647334325881
2886,838,33207,588,800,214,206,0.9571599960327148
2887,838,16547,593,162,229,226,0.8885809353419712
2888,838,1899,141,240,199,128,0.8561503887176514
2889,838,27925,90,616,271,481,0.6778039251055036
2890,842,27732,564,261,301,266,0.8876943020593552
2891,842,3482,121,306,273,199,0.8369460560026623
2892,842,34596,466,669,467,429,0.8357733771914527
2893,842,16261,151,802,251,241,0.8075197537740071
2894,85,29344,586,676,287,451,0.9685134887695312
2895,85,16547,571,250,231,227,0.9173088981991722
2896,85,1899,163,256,127,200,0.8049133845738002
2897,85,21770,148,849,194,191,0.7155048847198486
2898,851,22626,109,158,308,485,0.8122211978549049
2899,851,2482,631,100,198,470,0.7857492424192882
2900,851,22361,609,736,271,417,0.7317701407841274
2901,851,3742,122,836,331,334,0.6752819106692359
2902,855,12777,87,131,309,528,0.9494542507898239
2903,855,4377,595,704,233,465,0.8998503003801618
2904,855,3742,130,813,334,329,0.7091696489424932
2905,855,2482,623,73,193,465,0.6864150365193684
2906,857,31862,574,746,209,212,0.9023705550602504
2907,857,16261,90,677,250,247,0.8725134531656901
2908,857,3350,337,132,184,189,0.8608437152135939
2909,858,16261,134,768,245,240,0.9196796871366955
2910,858,3350,380,190,183,183,0.8635691234043666
2911,858,31862,613,835,206,205,0.6704125517890567
2912,86,29344,117,155,274,413,0.9697684787568591
2913,86,21770,619,251,187,180,0.8394813537597656
2914,86,1899,683,807,131,209,0.7687672546931675
2915,86,16547,151,768,239,237,0.5876267523992629
2916,861,12080,654,708,253,463,0.857618422735305
2917,861,2482,567,152,301,434,0.8046216624123709
2918,861,19551,69,101,345,458,0.7835321199326288
2919,861,25437,123,832,260,267,0.7810211749303908
2920,862,36636,674,172,175,255,0.8148323354266939
2921,862,34596,78,133,446,416,0.8078626223972866
2922,862,3482,601,846,278,187,0.7511606102898007
2923,862,25468,87,829,344,303,0.7168401990618024
2924,864,3482,573,811,281,193,0.787329219636463
2925,864,36636,645,170,169,248,0.7817122482118152
2926,864,25468,49,787,353,301,0.7106514204116094
2927,864,34596,64,104,437,423,0.6871608325413295
2928,866,3350,305,172,186,189,0.8919368471418108
2929,866,16687,33,520,433,587,0.6321792375473749
2930,866,3831,475,560,390,371,0.30632572514670237
2931,867,3350,347,232,184,184,0.9006959483737037
2932,867,16687,72,624,432,590,0.7158448014940534
2933,867,3831,516,657,384,363,0.2199074909800575
2934,867,35205,519,658,380,365,0.06470384129456112
2935,867,16687,519,658,380,364,0.05248858921584629
2936,868,31884,33,58,412,506,0.8883195831662132
2937,868,16231,648,230,192,182,0.8006128810700915
2938,868,3482,585,845,286,166,0.7279634475708008
2939,868,27652,94,852,223,207,0.7147573857080368
2940,869,31884,20,37,392,504,0.9151370752425421
2941,869,16231,620,222,187,182,0.8114590531303769
2942,869,3482,558,811,287,175,0.7668704078311012
2943,869,27652,61,810,225,211,0.7378256888616652
2944,870,31884,569,674,404,522,0.929911420458839
2945,870,16231,142,846,196,192,0.8263905275435675
2946,870,3482,132,287,277,174,0.8084573064531598
2947,870,27652,670,254,222,200,0.7622026261829195
2948,873,3350,344,225,184,182,0.8755876904442197
2949,873,18146,619,673,279,420,0.8602374508267356
2950,873,16687,70,624,435,589,0.7281743344806489
2951,874,31884,143,152,433,472,0.9350519520895821
2952,874,20876,85,724,332,242,0.918232486361549
2953,874,3482,624,718,209,270,0.8370466459365118
2954,874,16231,626,221,188,184,0.6609803722018287
2955,875,20876,116,767,330,230,0.9286053975423176
2956,875,31884,162,180,447,479,0.9212538741883777
2957,875,3482,650,750,211,268,0.816618317649478
2958,875,16231,656,231,191,180,0.6469001656486875
2959,878,36636,643,208,189,247,0.8142436686016264
2960,878,34596,76,123,335,496,0.779415936697097
2961,878,3482,587,845,285,165,0.7226760614485968
2962,878,27652,96,853,222,206,0.7051759106772286
2963,878,31884,77,125,334,497,0.35933148577099755
2964,879,36636,614,202,184,242,0.8284307093847365
2965,879,3482,559,811,288,174,0.7770702384767078
2966,879,27652,62,810,226,211,0.7366510799952916
2967,879,34596,60,95,326,496,0.6941531385694231
2968,879,31884,59,95,327,498,0.47382593154907227
2969,88,1899,130,231,204,136,0.8493985448564801
2970,88,31704,621,735,249,446,0.8342394942329043
2971,88,18109,77,800,308,288,0.8076760314759753
2972,88,16550,608,50,283,479,0.7420826525915236
2973,880,23222,509,605,304,507,0.8938969884599958
2974,880,5093,508,159,271,266,0.8088383788154239
2975,880,13394,68,90,231,484,0.7603982516697475
2976,880,2482,76,668,222,487,0.7270533130282447
2977,882,23222,127,95,305,500,0.934179113024757
2978,882,2482,639,62,220,479,0.8508495489756266
2979,882,13394,643,670,236,495,0.7858426230294363
2980,882,5093,148,836,279,276,0.7641112236749558
2981,883,28762,143,231,212,203,0.8928627059573219
2982,883,16231,630,220,190,187,0.8289760635012672
2983,883,3482,601,845,279,187,0.7483829770769391
2984,883,25468,50,857,375,221,0.7270182314373198
2985,886,31862,162,284,207,207,0.9596673647562662
2986,886,3350,409,892,190,192,0.689277138028826
2987,886,35205,542,263,268,386,0.6647205352783203
2988,888,3350,380,206,185,183,0.8944385392325265
2989,888,35205,160,646,264,395,0.8076280639285133
2990,888,31862,610,835,206,205,0.6548969518570673
2991,889,20876,543,293,330,233,0.9172701835632324
2992,889,16231,134,847,196,191,0.8696008296239943
2993,889,3482,140,292,213,254,0.805118821916126
2994,889,28762,710,888,221,214,0.6837679090954009
2995,89,31704,594,695,252,454,0.8627226239158994
2996,89,1899,114,224,201,139,0.8356907821836925
2997,89,16550,580,42,277,468,0.7994224911644345
2998,89,18109,42,756,314,300,0.7532765184129987
2999,891,20876,84,725,333,241,0.9162180196671258
3000,891,3482,624,718,210,270,0.8359722864060174
3001,891,16231,627,221,187,183,0.8139169783819289
3002,891,28762,56,171,207,200,0.7308543296087355
3003,894,20876,84,724,332,243,0.9184711887722923
3004,894,25366,28,28,412,440,0.8818735962822324
3005,894,3482,623,719,210,271,0.8334768386114211
3006,894,36636,603,205,181,244,0.8295434997195289
3007,895,16550,534,37,294,458,0.9039570604051862
3008,895,10220,583,775,227,222,0.8893626076834542
3009,895,21025,100,821,180,179,0.7743982474009196
3010,895,3543,92,220,203,200,0.4128077484312511
3011,896,16550,562,44,301,473,0.8934753281729562
3012,896,10220,612,812,223,217,0.8748196420215425
3013,896,3543,109,232,207,201,0.5677741482144311
3014,896,21025,133,854,179,177,0.4992343130565825
3015,897,10220,167,274,220,215,0.8616797129313151
3016,897,3543,676,835,214,212,0.8414740789504278
3017,897,21025,676,285,178,172,0.8166742892492385
3018,897,16550,116,721,315,486,0.7797183876945859
3019,898,27925,567,586,258,483,0.8267143226805187
3020,898,16547,74,779,236,232,0.7883961995442708
3021,898,12246,617,206,174,186,0.7568274793170747
3022,898,3543,119,172,202,198,0.7558603513808477
3023,9,20237,595,175,218,211,0.8602003256479899
3024,9,3482,559,811,287,174,0.7641055470421201
3025,9,27652,63,811,225,210,0.7332239264533633
3026,9,22346,113,211,201,195,0.7323544366019112
3027,90,31704,132,131,246,420,0.8449969405219668
3028,90,16550,87,709,292,494,0.8440622829255603
3029,90,1899,655,903,213,147,0.8247546922592889
3030,90,18109,607,218,303,286,0.67530319804237
3031,900,12246,646,205,177,188,0.9405496574583507
3032,900,16547,108,821,234,227,0.8953011603582472
3033,900,3543,135,177,208,201,0.7816696166992188
3034,900,27925,596,629,255,476,0.7667852583385649
3035,904,27732,122,766,318,276,0.8960486026037306
3036,904,20237,642,189,228,217,0.8185187975565592
3037,904,3482,607,790,276,211,0.8034963834853399
3038,904,30307,162,54,284,473,0.7629887262980143
3039,906,27732,564,261,302,266,0.8852879774002801
3040,906,20237,113,854,231,227,0.8650378953842889
3041,906,3482,121,306,273,200,0.8352523758297874
3042,906,30307,547,721,298,483,0.7092603615352085
3043,908,31862,574,746,210,212,0.8924724942161923
3044,908,20237,115,715,229,228,0.8887247244517008
3045,908,3350,304,192,184,189,0.8470864523024786
3046,91,19606,688,299,158,148,0.9255336012159074
3047,91,27925,144,146,264,453,0.8711707592010498
3048,91,1899,629,894,212,134,0.843772944949922
3049,91,16547,123,866,241,236,0.7725430102575392
3050,910,27776,640,295,175,195,0.905707904270717
3051,910,25366,508,699,455,441,0.8848303840273902
3052,910,3482,175,273,262,221,0.8328816436585925
3053,910,29666,127,880,229,227,0.755062046505156
3054,912,27776,143,773,178,207,0.8990765753246489
3055,912,29666,601,161,218,214,0.8137333960760207
3056,912,25366,32,107,430,422,0.8116792497180757
3057,912,3482,535,778,267,227,0.7821870985485259
3058,914,13899,555,708,203,249,0.9173822970617385
3059,914,3350,368,123,184,190,0.8171836535135905
3060,914,35205,42,614,341,357,0.4075552452178228
3061,915,13899,595,797,199,244,0.9382585684458414
3062,915,3350,411,179,185,184,0.8536568142118908
3063,915,35205,88,710,333,349,0.15761472923415049
3064,916,25366,502,680,461,431,0.9033385912577311
3065,916,27732,565,261,301,266,0.8840657983507428
3066,916,16231,141,892,196,192,0.882496436436971
3067,916,3482,121,306,273,200,0.8417975902557373
3068,919,27732,563,261,301,266,0.9066759972345261
3069,919,36636,101,883,267,178,0.8557909443264915
3070,919,3482,120,308,273,199,0.8239712033952985
3071,919,30307,494,678,368,441,0.5408698604220435
3072,920,36636,592,202,252,169,0.8866139820643834
3073,920,27732,87,725,321,284,0.8717653864905948
3074,920,3482,580,757,276,210,0.8169648193177722
3075,920,30307,128,123,354,423,0.7748150825500488
3076,923,20876,544,294,330,234,0.919061955951509
3077,923,25366,540,709,433,452,0.8890531176612491
3078,923,3482,142,291,213,255,0.8070545537131173
3079,923,16261,109,835,249,242,0.7654516469864618
3080,925,34596,484,624,441,456,0.8907506579444522
3081,925,3482,151,219,246,221,0.8464218888963971
3082,925,16231,145,899,194,192,0.7506000427972702
3083,925,19860,638,278,218,169,0.5620391028267997
3084,927,34596,62,141,424,439,0.8193508783976237
3085,927,3482,573,836,262,231,0.7994633061545235
3086,927,16231,617,173,185,181,0.7737273261660621
3087,927,19860,90,827,226,177,0.7603165081569127
3088,929,31884,30,38,411,490,0.923769474029541
3089,929,25468,12,812,384,221,0.8073860123043968
3090,929,3482,574,810,282,194,0.7746675468626476
3091,929,16231,602,214,184,181,0.7320261569250197
3092,930,31884,539,686,432,512,0.8982085613977341
3093,930,3482,124,271,272,189,0.8422403108505975
3094,930,16231,163,856,193,191,0.8250846749260312
3095,930,25468,571,231,377,218,0.6890689191364107
3096,931,19606,165,917,159,154,0.958708922068278
3097,931,29344,575,717,325,423,0.9171889509473528
3098,931,16550,478,244,488,262,0.8311994870503743
3099,931,1899,178,267,130,201,0.8005321025848389
3100,932,19606,130,885,162,158,0.9652964274088541
3101,932,29344,547,679,328,430,0.9180939197540283
3102,932,16550,452,221,480,268,0.84561892918178
3103,932,1899,160,258,126,199,0.7790514968690417
3104,933,19606,666,251,156,152,0.9605701764424641
3105,933,16550,18,736,499,278,0.8634116536095029
3106,933,29344,117,167,308,400,0.7832889897482735
3107,933,1899,687,805,129,210,0.7761706624712262
3108,936,2482,599,103,251,457,0.840793904804048
3109,936,4377,652,708,221,467,0.8055026758284796
3110,936,25437,112,842,258,266,0.7688652901422409
3111,936,19551,117,194,313,493,0.7084791433243525
3112,937,4377,595,704,233,464,0.902520701998756
3113,937,3742,130,812,334,330,0.7243913128262474
3114,937,6191,123,76,297,557,0.7099438848949614
3115,937,2482,622,73,194,465,0.6452070531390962
3116,938,2482,631,31,199,484,0.8224701881408691
3117,938,4377,588,701,224,452,0.8122305642990839
3118,938,3742,129,800,326,321,0.680938788822719
3119,938,6191,124,69,294,532,0.5574648153214228
3120,940,16231,643,322,190,190,0.8293151287805466
3121,940,18146,203,226,217,414,0.8262692178998674
3122,940,3350,422,898,189,191,0.7767849309103829
3123,941,18146,517,552,215,443,0.9404662677219935
3124,941,3350,325,141,186,190,0.8889963513328916
3125,941,16231,89,711,195,194,0.6159298760550362
3126,942,18146,556,644,217,442,0.9237200305575416
3127,942,3350,367,198,185,184,0.9116681416829426
3128,942,16231,132,800,192,190,0.727940457207816
3129,945,20237,113,857,229,224,0.9036870797475178
3130,945,25366,627,643,321,519,0.886455774307251
3131,945,3482,151,219,246,221,0.8542684146336147
3132,945,19860,637,278,220,169,0.5696090062459309
3133,947,28762,592,887,223,212,0.9254605997176397
3134,947,16231,142,846,196,192,0.8385571411677769
3135,947,3482,131,287,277,174,0.8106031871977306
3136,947,27652,670,253,222,200,0.7661351703462146
3137,948,28762,185,179,210,201,0.9153659570784796
3138,948,16231,649,230,192,182,0.8030958970387776
3139,948,3482,585,845,287,166,0.7316266922723679
3140,948,27652,94,853,223,206,0.7156309059688023
3141,949,20876,543,293,330,234,0.9149955567859468
3142,949,3482,140,291,214,255,0.8080697059631348
3143,949,16261,108,835,250,242,0.7530182883853004
3144,949,30307,506,723,415,400,0.7149276846931094
3145,95,3350,337,182,182,186,0.8712920120784214
3146,95,29666,61,744,230,232,0.8660890942528134
3147,95,32309,497,718,386,242,0.8285023484911237
3148,95,41767,830,0,146,110,0.08187409667741684
3149,950,20876,84,724,332,243,0.9075564429873512
3150,950,3482,623,719,210,270,0.8333608082362584
3151,950,30307,74,118,396,385,0.8277149427504766
3152,950,16261,601,186,237,227,0.7904464290255592
3153,951,20876,116,767,330,231,0.923566080275036
3154,951,30307,87,133,408,394,0.8323722226279122
3155,951,3482,649,752,211,266,0.8229450384775797
3156,951,16261,630,191,243,233,0.7056637037368048
3157,952,3482,124,271,272,189,0.8416767347426641
3158,952,16261,166,833,250,242,0.7719377676645914
3159,952,25468,571,231,377,218,0.6899615696498326
3160,952,30307,562,649,386,427,0.6699497926802862
3161,953,16261,546,188,239,228,0.8176669620332263
3162,953,30307,47,160,368,414,0.800070081438337
3163,953,3482,574,810,281,193,0.7891985915956042
3164,953,25468,12,812,385,221,0.78345293090457
3165,954,30307,63,181,377,424,0.8310623396010626
3166,954,16261,574,194,243,233,0.7716344651721773
3167,954,3482,601,845,279,187,0.7526784851437522
3168,954,25468,50,856,375,222,0.7390471867152623
3169,956,19606,142,862,158,155,0.9431330362955729
3170,956,1899,158,249,203,126,0.8152694361550467
3171,956,16550,594,0,308,446,0.8039236636388869
3172,956,27925,599,674,255,479,0.5686172984895251
3173,957,19606,688,299,158,148,0.9295069603692917
3174,957,27925,144,146,264,454,0.8774282818748838
3175,957,16550,76,786,316,489,0.8688955647604806
3176,957,1899,628,894,212,134,0.8360247952597482
3177,962,19606,142,847,162,158,0.9767844563438779
3178,962,1899,148,241,180,180,0.8657612687065488
3179,962,29450,474,779,406,273,0.858237175714402
3180,962,16550,627,107,277,473,0.8575404825664702
3181,966,16547,126,852,243,237,0.8887329555693126
3182,966,31704,132,130,246,421,0.8456453255244664
3183,966,1899,655,903,214,147,0.8255024751027424
3184,966,18109,607,218,303,287,0.6980582645961216
3185,967,41767,125,302,260,295,0.9444107895805722
3186,967,29666,586,305,227,224,0.8968075684138707
3187,967,3350,407,888,188,190,0.766661905107044
3188,968,29666,110,696,234,235,0.8849968229021344
3189,968,3350,340,155,186,189,0.8520641781034923
3190,968,41767,553,621,272,308,0.46288095769428067
3191,97,19606,666,252,156,151,0.9491809209187825
3192,97,16547,99,820,242,238,0.811561005456107
3193,97,1899,687,806,130,209,0.772756849016462
3194,97,29344,117,168,308,399,0.7686799480801536
3195,972,21770,125,775,194,189,0.9509074687957764
3196,972,16550,571,14,327,436,0.8678224540892101
3197,972,1899,142,241,198,128,0.8355263301304409
3198,972,27925,570,629,259,486,0.5656305948893229
3199,973,29344,613,715,282,443,0.9553796904427664
3200,973,1899,181,265,129,201,0.8099411782764253
3201,973,21770,182,884,191,186,0.8085284346625918
3202,973,16550,572,81,301,471,0.7699004241398403
3203,974,29344,586,676,286,450,0.9659823917207263
3204,974,16550,543,73,294,459,0.7944934708731515
3205,974,1899,163,256,127,200,0.7936044534047444
3206,974,21770,148,849,194,191,0.7726175444466726
3207,975,29344,117,155,273,413,0.9731677600315638
3208,975,16550,104,686,320,486,0.8834294478098551
3209,975,21770,618,251,188,180,0.8057152657281784
3210,975,1899,684,807,130,209,0.7566922051565987
3211,979,22073,584,708,186,195,0.9406966822487967
3212,979,18356,69,548,289,337,0.8595846380506242
3213,979,3350,391,157,184,188,0.8451184204646519
3214,980,22073,168,313,188,189,0.9119130883898053
3215,980,18356,574,305,283,320,0.820732797895159
3216,980,3350,354,873,189,190,0.7922940594809396
3217,982,23222,104,114,299,509,0.9298851944151378
3218,982,2482,660,112,212,474,0.8354884102230979
3219,982,13394,636,674,240,515,0.7799292746044341
3220,982,3742,117,838,330,331,0.6764216650099981
3221,983,23222,103,83,298,504,0.9308960891905285
3222,983,2482,671,79,203,484,0.829502230598813
3223,983,13394,629,676,229,496,0.7639028344835553
3224,983,3742,116,826,323,322,0.7223206474667503
3225,984,23222,537,614,299,510,0.8474861440204439
3226,984,13394,84,85,229,481,0.7322614533560616
3227,984,2482,60,647,202,487,0.6400689056941441
3228,984,3742,497,125,312,305,0.5691472121647426
3229,985,1899,138,219,202,149,0.8617333003452846
3230,985,16547,576,186,231,225,0.8580768676031203
3231,985,29450,521,804,422,231,0.734495378675915
3232,985,24849,118,737,199,285,0.7205961999439058
3233,986,1899,632,899,209,155,0.8814477352868942
3234,986,24849,643,259,193,266,0.7519534655979702
3235,986,29450,45,231,405,229,0.6513844217572893
3236,986,16547,143,836,239,238,0.5464463574545724
3237,988,22346,159,182,206,198,0.8298626967838832
3238,988,36636,619,199,266,152,0.8275414648510161
3239,988,3482,598,868,260,230,0.753492343993414
3240,988,19860,124,865,220,168,0.734001738684518
3241,989,36636,591,194,259,154,0.8879337991986955
3242,989,3482,572,836,261,232,0.779910371417091
3243,989,22346,141,176,202,195,0.7711684703826904
3244,989,19860,89,827,226,177,0.7653703576042539
3245,990,3482,153,217,245,221,0.8587395577203659
3246,990,22346,626,886,216,209,0.8198916344415573
3247,990,36636,95,906,273,165,0.7565157186417353
3248,990,19860,640,278,219,169,0.5854096299126035
3249,991,10220,584,775,226,222,0.8740426812853131
3250,991,16547,573,220,230,227,0.860037122453962
3251,991,21025,100,821,180,179,0.7690926960536412
3252,991,3543,91,221,204,199,0.3635844446363903
3253,993,16547,601,233,235,225,0.8960616020929245
3254,993,10220,612,813,223,217,0.8676491464887346
3255,993,3543,109,232,207,201,0.53834977604094
3256,993,21025,133,854,179,178,0.5208070505233038
3257,994,3482,131,287,278,174,0.8120933033171154
3258,994,16261,116,845,250,242,0.783733640398298
3259,994,27652,670,254,221,200,0.7634944575173513
3260,994,30307,509,753,388,432,0.5695098922366187
3261,996,30307,111,75,383,420,0.8119803950900123
3262,996,16261,623,181,241,232,0.7776231992812384
3263,996,3482,586,845,284,166,0.7298171520233154
3264,996,27652,95,852,222,207,0.7155094827924455
3265,997,21770,123,806,194,188,0.952300400961013
3266,997,1899,148,240,181,180,0.8667034194582984
3267,997,16550,588,62,279,469,0.8455539885021391
3268,997,29450,458,808,422,225,0.7895499751681373
3269,998,21770,157,840,191,185,0.921471118927002
3270,998,29450,491,847,412,219,0.8776844115484328
3271,998,1899,167,248,184,180,0.8344433988843645
3272,998,16550,617,70,285,480,0.8171435197194417
3273,999,21770,644,290,188,182,0.9631475948152087
3274,999,1899,643,845,188,188,0.8654643808092389
3275,999,16550,78,687,295,498,0.7218876906803676
3276,999,29450,104,235,410,221,0.7125054086957658
